speed,angle,timestamp,state
"[0.0, 0.0, 0.0, 0.0]","[0.0, 0.0, 0.0, 0.0]","[0.0, 0.0, 0.0, 0.0]","[0.0, 0.0, 0.0, 0.0]"
"[-1.0, -2.0, -9.0, 4.0]","[832.0, 2584.0, 3092.0, 31790.0]","[30570.0, 30571.0, 30573.0, 30574.0]","[0.0, 0.0, 0.0, 0.0]"
"[2.0, -3.0, -4.0, -2.0]","[832.0, 2583.0, 3090.0, 31791.0]","[30630.0, 30631.0, 30633.0, 30634.0]","[0.0, 0.0, 0.0, 0.0]"
"[2.0, -5.0, -1.0, -6.0]","[834.0, 2579.0, 3087.0, 31794.0]","[30690.0, 30691.0, 30693.0, 30694.0]","[0.0, 0.0, 0.0, 0.0]"
"[-6.0, -7.0, 0.0, 0.0]","[830.0, 2584.0, 3091.0, 31788.0]","[30750.0, 30751.0, 30753.0, 30754.0]","[0.0, 0.0, 0.0, 0.0]"
"[-1.0, 1.0, 0.0, -4.0]","[827.0, 2587.0, 3095.0, 31786.0]","[30810.0, 30811.0, 30813.0, 30814.0]","[0.0, 0.0, 0.0, 0.0]"
"[3.0, -3.0, 3.0, -1.0]","[833.0, 2581.0, 3089.0, 31792.0]","[30870.0, 30871.0, 30873.0, 30874.0]","[0.0, 0.0, 0.0, 0.0]"
"[1.0, -3.0, 1.0, 1.0]","[831.0, 2584.0, 3091.0, 31790.0]","[30930.0, 30931.0, 30933.0, 30934.0]","[0.0, 0.0, 0.0, 0.0]"
"[9.0, -2.0, 4.0, 1.0]","[826.0, 2588.0, 3095.0, 31784.0]","[30990.0, 30991.0, 30993.0, 30994.0]","[0.0, 0.0, 0.0, 0.0]"
"[0.0, 3.0, 1.0, -2.0]","[828.0, 2586.0, 3093.0, 31787.0]","[31050.0, 31051.0, 31053.0, 31054.0]","[0.0, 0.0, 0.0, 0.0]"
"[-2.0, 1.0, 2.0, -3.0]","[829.0, 2584.0, 3092.0, 31787.0]","[31110.0, 31111.0, 31113.0, 31114.0]","[0.0, 0.0, 0.0, 0.0]"
"[-3.0, 1.0, 0.0, -2.0]","[826.0, 2588.0, 3095.0, 31785.0]","[31170.0, 31171.0, 31173.0, 31174.0]","[0.0, 0.0, 0.0, 0.0]"
"[78.0, -66.0, -42.0, 31.0]","[1823.0, 1414.0, 2399.0, 32583.0]","[31230.0, 31231.0, 31233.0, 31234.0]","[0.0, 0.0, 0.0, 0.0]"
"[83.0, -70.0, -94.0, 73.0]","[5938.0, 30050.0, 31661.0, 3393.0]","[31290.0, 31291.0, 31293.0, 31294.0]","[0.0, 0.0, 0.0, 0.0]"
"[27.0, -16.0, -22.0, 48.0]","[9269.0, 26935.0, 28303.0, 7093.0]","[31350.0, 31351.0, 31353.0, 31354.0]","[0.0, 0.0, 0.0, 0.0]"
"[49.0, -36.0, -38.0, 45.0]","[10971.0, 25354.0, 26862.0, 8844.0]","[31410.0, 31411.0, 31413.0, 31414.0]","[0.0, 0.0, 0.0, 0.0]"
"[14.0, -16.0, -24.0, 10.0]","[16297.0, 21079.0, 22434.0, 13611.0]","[31530.0, 31531.0, 31533.0, 31534.0]","[0.0, 0.0, 0.0, 0.0]"
"[45.0, -44.0, -40.0, 44.0]","[17582.0, 19977.0, 21408.0, 14809.0]","[31590.0, 31591.0, 31593.0, 31594.0]","[0.0, 0.0, 0.0, 0.0]"
"[20.0, -27.0, -32.0, 24.0]","[19901.0, 17608.0, 18995.0, 17200.0]","[31650.0, 31651.0, 31653.0, 31654.0]","[0.0, 0.0, 0.0, 0.0]"
"[13.0, -8.0, -14.0, 15.0]","[20776.0, 16635.0, 17979.0, 18019.0]","[31710.0, 31711.0, 31713.0, 31714.0]","[0.0, 0.0, 0.0, 0.0]"
"[17.0, -17.0, -16.0, 15.0]","[21662.0, 15885.0, 17153.0, 18819.0]","[31770.0, 31771.0, 31773.0, 31774.0]","[0.0, 0.0, 0.0, 0.0]"
"[10.0, -10.0, -20.0, 10.0]","[22413.0, 15007.0, 16291.0, 19567.0]","[31830.0, 31831.0, 31833.0, 31834.0]","[0.0, 0.0, 0.0, 0.0]"
"[7.0, -10.0, -14.0, 4.0]","[22985.0, 14499.0, 15780.0, 20051.0]","[31890.0, 31891.0, 31893.0, 31894.0]","[0.0, 0.0, 0.0, 0.0]"
"[3.0, 0.0, -11.0, -11.0]","[23381.0, 13963.0, 15266.0, 20559.0]","[31950.0, 31951.0, 31953.0, 31954.0]","[0.0, 0.0, 0.0, 0.0]"
"[27.0, -33.0, -26.0, 22.0]","[24004.0, 13354.0, 14656.0, 21112.0]","[32010.0, 32011.0, 32013.0, 32014.0]","[0.0, 0.0, 0.0, 0.0]"
"[51.0, -71.0, -80.0, 82.0]","[27933.0, 9264.0, 11792.0, 23990.0]","[32070.0, 32071.0, 32073.0, 32074.0]","[0.0, 0.0, 0.0, 0.0]"
"[67.0, -73.0, -65.0, 69.0]","[31918.0, 5314.0, 7653.0, 28274.0]","[32130.0, 32131.0, 32133.0, 32134.0]","[0.0, 0.0, 0.0, 0.0]"
"[24.0, -33.0, -33.0, 24.0]","[850.0, 3573.0, 5653.0, 29841.0]","[32190.0, 32191.0, 32193.0, 32194.0]","[0.0, 0.0, 0.0, 0.0]"
"[56.0, -52.0, -52.0, 61.0]","[3447.0, 1030.0, 2909.0, 32557.0]","[32250.0, 32251.0, 32253.0, 32254.0]","[0.0, 0.0, 0.0, 0.0]"
"[40.0, -11.0, -7.0, 28.0]","[6203.0, 31209.0, 515.0, 2535.0]","[32310.0, 32311.0, 32313.0, 32314.0]","[0.0, 0.0, 0.0, 0.0]"
"[31.0, -32.0, -36.0, 29.0]","[7151.0, 30336.0, 32344.0, 3368.0]","[32370.0, 32371.0, 32373.0, 32374.0]","[0.0, 0.0, 0.0, 0.0]"
"[42.0, -38.0, -55.0, 45.0]","[9816.0, 28006.0, 29899.0, 5886.0]","[32430.0, 32431.0, 32433.0, 32434.0]","[0.0, 0.0, 0.0, 0.0]"
"[14.0, -9.0, -17.0, 8.0]","[11217.0, 26567.0, 28448.0, 7214.0]","[32490.0, 32491.0, 32493.0, 32494.0]","[0.0, 0.0, 0.0, 0.0]"
"[22.0, -13.0, -19.0, 10.0]","[12084.0, 25952.0, 27740.0, 7895.0]","[32550.0, 32551.0, 32553.0, 32554.0]","[0.0, 0.0, 0.0, 0.0]"
"[18.0, -21.0, -11.0, 17.0]","[13249.0, 25087.0, 26695.0, 8992.0]","[32610.0, 32611.0, 32613.0, 32614.0]","[0.0, 0.0, 0.0, 0.0]"
"[2.0, -6.0, -5.0, 3.0]","[13819.0, 24470.0, 26193.0, 9445.0]","[32670.0, 32671.0, 32673.0, 32674.0]","[0.0, 0.0, 0.0, 0.0]"
"[14.0, -8.0, -2.0, 3.0]","[14141.0, 24126.0, 25799.0, 9818.0]","[32730.0, 32731.0, 32733.0, 32734.0]","[0.0, 0.0, 0.0, 0.0]"
"[40.0, -43.0, -37.0, 23.0]","[14986.0, 23385.0, 25106.0, 10401.0]","[32790.0, 32791.0, 32793.0, 32794.0]","[0.0, 0.0, 0.0, 0.0]"
"[78.0, -67.0, -66.0, 63.0]","[19210.0, 19602.0, 22039.0, 13808.0]","[32850.0, 32851.0, 32853.0, 32854.0]","[0.0, 0.0, 0.0, 0.0]"
"[17.0, -46.0, -54.0, 38.0]","[22899.0, 15993.0, 18176.0, 17690.0]","[32910.0, 32911.0, 32913.0, 32914.0]","[0.0, 0.0, 0.0, 0.0]"
"[24.0, -51.0, -36.0, 32.0]","[24275.0, 14305.0, 16496.0, 19148.0]","[32970.0, 32971.0, 32973.0, 32974.0]","[0.0, 0.0, 0.0, 0.0]"
"[57.0, -53.0, -46.0, 60.0]","[27020.0, 11493.0, 13768.0, 21959.0]","[33030.0, 33031.0, 33033.0, 33034.0]","[0.0, 0.0, 0.0, 0.0]"
"[23.0, -18.0, -28.0, 12.0]","[29379.0, 9230.0, 11744.0, 24223.0]","[33090.0, 33091.0, 33093.0, 33094.0]","[0.0, 0.0, 0.0, 0.0]"
"[32.0, -31.0, -33.0, 37.0]","[30487.0, 8306.0, 10656.0, 25287.0]","[33150.0, 33151.0, 33153.0, 33154.0]","[0.0, 0.0, 0.0, 0.0]"
"[32.0, -33.0, -34.0, 25.0]","[32670.0, 6306.0, 8566.0, 27705.0]","[33210.0, 33211.0, 33213.0, 33214.0]","[0.0, 0.0, 0.0, 0.0]"
"[6.0, -12.0, -13.0, 6.0]","[893.0, 5487.0, 7723.0, 28557.0]","[33270.0, 33271.0, 33273.0, 33274.0]","[0.0, 0.0, 0.0, 0.0]"
"[15.0, -17.0, -15.0, 19.0]","[1425.0, 4847.0, 7078.0, 29230.0]","[33330.0, 33331.0, 33333.0, 33334.0]","[0.0, 0.0, 0.0, 0.0]"
"[20.0, -14.0, -15.0, 8.0]","[2417.0, 3807.0, 6154.0, 30270.0]","[33390.0, 33391.0, 33393.0, 33394.0]","[0.0, 0.0, 0.0, 0.0]"
"[9.0, -4.0, -8.0, 7.0]","[3022.0, 3300.0, 5599.0, 30736.0]","[33450.0, 33451.0, 33453.0, 33454.0]","[0.0, 0.0, 0.0, 0.0]"
"[-61.0, -61.0, -61.0, -73.0]","[3120.0, 2583.0, 4904.0, 30660.0]","[33510.0, 33511.0, 33513.0, 33514.0]","[0.0, 0.0, 0.0, 0.0]"
"[-98.0, -82.0, -80.0, -86.0]","[30970.0, 30316.0, 32460.0, 26229.0]","[33570.0, 33571.0, 33573.0, 33574.0]","[0.0, 0.0, 0.0, 0.0]"
"[-102.0, -83.0, -88.0, -88.0]","[26099.0, 25656.0, 27658.0, 21338.0]","[33630.0, 33631.0, 33633.0, 33634.0]","[0.0, 0.0, 0.0, 0.0]"
"[-79.0, -81.0, -96.0, -79.0]","[20913.0, 20703.0, 22850.0, 15979.0]","[33690.0, 33691.0, 33693.0, 33694.0]","[0.0, 0.0, 0.0, 0.0]"
"[-109.0, -103.0, -99.0, -91.0]","[15489.0, 15458.0, 17789.0, 10548.0]","[33750.0, 33751.0, 33753.0, 33754.0]","[0.0, 0.0, 0.0, 0.0]"
"[-75.0, -87.0, -97.0, -84.0]","[10330.0, 10029.0, 12353.0, 5411.0]","[33810.0, 33811.0, 33813.0, 33814.0]","[0.0, 0.0, 0.0, 0.0]"
"[-65.0, -59.0, -59.0, -62.0]","[5511.0, 4946.0, 7298.0, 438.0]","[33870.0, 33871.0, 33873.0, 33874.0]","[0.0, 0.0, 0.0, 0.0]"
"[-27.0, -33.0, -34.0, -29.0]","[3337.0, 2759.0, 4999.0, 30953.0]","[33930.0, 33931.0, 33933.0, 33934.0]","[0.0, 0.0, 0.0, 0.0]"
"[15.0, 8.0, -15.0, -5.0]","[2863.0, 2660.0, 4446.0, 30315.0]","[33990.0, 33991.0, 33993.0, 33994.0]","[0.0, 0.0, 0.0, 0.0]"
"[79.0, -61.0, -57.0, 126.0]","[6850.0, 1489.0, 2474.0, 32547.0]","[34050.0, 34051.0, 34053.0, 34054.0]","[0.0, 0.0, 0.0, 0.0]"
"[44.0, -57.0, -52.0, 61.0]","[10348.0, 30554.0, 32283.0, 5313.0]","[34110.0, 34111.0, 34113.0, 34114.0]","[0.0, 0.0, 0.0, 0.0]"
"[22.0, -27.0, -26.0, 22.0]","[12386.0, 28677.0, 30761.0, 6940.0]","[34170.0, 34171.0, 34173.0, 34174.0]","[0.0, 0.0, 0.0, 0.0]"
"[39.0, -58.0, -57.0, 49.0]","[14198.0, 26314.0, 28453.0, 9443.0]","[34230.0, 34231.0, 34233.0, 34234.0]","[0.0, 0.0, 0.0, 0.0]"
"[-7.0, -25.0, -23.0, 30.0]","[16226.0, 23566.0, 26094.0, 12339.0]","[34290.0, 34291.0, 34293.0, 34294.0]","[0.0, 0.0, 0.0, 0.0]"
"[14.0, -35.0, -36.0, 26.0]","[17516.0, 22283.0, 24683.0, 13427.0]","[34350.0, 34351.0, 34353.0, 34354.0]","[0.0, 0.0, 0.0, 0.0]"
"[35.0, -50.0, -34.0, 52.0]","[19121.0, 19823.0, 22965.0, 15640.0]","[34410.0, 34411.0, 34413.0, 34414.0]","[0.0, 0.0, 0.0, 0.0]"
"[13.0, -11.0, -10.0, 22.0]","[20280.0, 18359.0, 21920.0, 17142.0]","[34470.0, 34471.0, 34473.0, 34474.0]","[0.0, 0.0, 0.0, 0.0]"
"[21.0, -30.0, -32.0, 32.0]","[21047.0, 17159.0, 20933.0, 18235.0]","[34530.0, 34531.0, 34533.0, 34534.0]","[0.0, 0.0, 0.0, 0.0]"
"[18.0, -21.0, -15.0, 26.0]","[22418.0, 15416.0, 19557.0, 19987.0]","[34590.0, 34591.0, 34593.0, 34594.0]","[0.0, 0.0, 0.0, 0.0]"
"[4.0, -11.0, -8.0, -3.0]","[22901.0, 14847.0, 19156.0, 20501.0]","[34650.0, 34651.0, 34653.0, 34654.0]","[0.0, 0.0, 0.0, 0.0]"
"[16.0, -15.0, -7.0, 13.0]","[23952.0, 13623.0, 18148.0, 21840.0]","[34770.0, 34771.0, 34773.0, 34774.0]","[0.0, 0.0, 0.0, 0.0]"
"[9.0, -10.0, -8.0, 7.0]","[24476.0, 12998.0, 17718.0, 22505.0]","[34830.0, 34831.0, 34833.0, 34834.0]","[0.0, 0.0, 0.0, 0.0]"
"[22.0, -15.0, -16.0, 14.0]","[25024.0, 12564.0, 17188.0, 23001.0]","[34890.0, 34891.0, 34893.0, 34894.0]","[0.0, 0.0, 0.0, 0.0]"
"[62.0, -76.0, -63.0, 96.0]","[29195.0, 9639.0, 14779.0, 25684.0]","[34950.0, 34951.0, 34953.0, 34954.0]","[0.0, 0.0, 0.0, 0.0]"
"[67.0, -53.0, -53.0, 48.0]","[259.0, 5818.0, 11014.0, 30164.0]","[35010.0, 35011.0, 35013.0, 35014.0]","[0.0, 0.0, 0.0, 0.0]"
"[30.0, -28.0, -38.0, 23.0]","[1667.0, 4039.0, 9572.0, 31537.0]","[35070.0, 35071.0, 35073.0, 35074.0]","[0.0, 0.0, 0.0, 0.0]"
"[30.0, -28.0, -38.0, 23.0]","[1667.0, 4039.0, 9572.0, 31537.0]","[35070.0, 35071.0, 35073.0, 35074.0]","[0.0, 0.0, 0.0, 0.0]"
"[-19.0, -22.0, -15.0, 22.0]","[6011.0, 31407.0, 4802.0, 3673.0]","[35190.0, 35191.0, 35193.0, 35194.0]","[0.0, 0.0, 0.0, 0.0]"
"[21.0, -35.0, -40.0, 27.0]","[6722.0, 30370.0, 3686.0, 4832.0]","[35250.0, 35251.0, 35253.0, 35254.0]","[0.0, 0.0, 0.0, 0.0]"
"[45.0, -37.0, -47.0, 57.0]","[8767.0, 27989.0, 1231.0, 7198.0]","[35310.0, 35311.0, 35313.0, 35314.0]","[0.0, 0.0, 0.0, 0.0]"
"[17.0, -29.0, -8.0, -3.0]","[9760.0, 26715.0, 143.0, 8221.0]","[35370.0, 35371.0, 35373.0, 35374.0]","[0.0, 0.0, 0.0, 0.0]"
"[20.0, -15.0, -22.0, 27.0]","[10457.0, 26189.0, 32328.0, 8865.0]","[35430.0, 35431.0, 35433.0, 35434.0]","[0.0, 0.0, 0.0, 0.0]"
"[25.0, -21.0, -9.0, 15.0]","[11970.0, 25137.0, 31078.0, 10136.0]","[35490.0, 35491.0, 35493.0, 35494.0]","[0.0, 0.0, 0.0, 0.0]"
"[8.0, -9.0, -5.0, 1.0]","[12514.0, 24496.0, 30527.0, 10588.0]","[35550.0, 35551.0, 35553.0, 35554.0]","[0.0, 0.0, 0.0, 0.0]"
"[7.0, -12.0, -6.0, 7.0]","[12997.0, 24057.0, 30091.0, 11131.0]","[35610.0, 35611.0, 35613.0, 35614.0]","[0.0, 0.0, 0.0, 0.0]"
"[26.0, -26.0, -39.0, 26.0]","[13868.0, 23353.0, 29209.0, 11810.0]","[35670.0, 35671.0, 35673.0, 35674.0]","[0.0, 0.0, 0.0, 0.0]"
"[79.0, -62.0, -79.0, 82.0]","[18072.0, 19437.0, 26245.0, 15020.0]","[35730.0, 35731.0, 35733.0, 35734.0]","[0.0, 0.0, 0.0, 0.0]"
"[38.0, -33.0, -26.0, 57.0]","[21641.0, 15935.0, 22893.0, 18931.0]","[35790.0, 35791.0, 35793.0, 35794.0]","[0.0, 0.0, 0.0, 0.0]"
"[22.0, -28.0, -34.0, 32.0]","[23267.0, 14018.0, 21237.0, 20839.0]","[35850.0, 35851.0, 35853.0, 35854.0]","[0.0, 0.0, 0.0, 0.0]"
"[65.0, -55.0, -50.0, 56.0]","[25966.0, 11415.0, 18491.0, 24168.0]","[35910.0, 35911.0, 35913.0, 35914.0]","[0.0, 0.0, 0.0, 0.0]"
"[6.0, -14.0, -14.0, 17.0]","[27909.0, 9400.0, 16567.0, 26210.0]","[35970.0, 35971.0, 35973.0, 35974.0]","[0.0, 0.0, 0.0, 0.0]"
"[35.0, -48.0, -38.0, 49.0]","[28874.0, 8175.0, 15600.0, 27228.0]","[36030.0, 36031.0, 36033.0, 36034.0]","[0.0, 0.0, 0.0, 0.0]"
"[33.0, -28.0, -28.0, 27.0]","[31141.0, 5670.0, 13221.0, 29819.0]","[36090.0, 36091.0, 36093.0, 36094.0]","[0.0, 0.0, 0.0, 0.0]"
"[3.0, -25.0, -27.0, 5.0]","[31941.0, 4826.0, 12462.0, 30627.0]","[36150.0, 36151.0, 36153.0, 36154.0]","[0.0, 0.0, 0.0, 0.0]"
"[11.0, -21.0, -19.0, 14.0]","[32583.0, 3922.0, 11615.0, 31375.0]","[36210.0, 36211.0, 36213.0, 36214.0]","[0.0, 0.0, 0.0, 0.0]"
"[13.0, -13.0, -10.0, 2.0]","[540.0, 3173.0, 10892.0, 32088.0]","[36270.0, 36271.0, 36273.0, 36274.0]","[0.0, 0.0, 0.0, 0.0]"
"[16.0, -11.0, -9.0, 13.0]","[977.0, 2625.0, 10420.0, 32551.0]","[36330.0, 36331.0, 36333.0, 36334.0]","[0.0, 0.0, 0.0, 0.0]"
"[-20.0, -62.0, -64.0, -60.0]","[1408.0, 2006.0, 9784.0, 176.0]","[36390.0, 36391.0, 36393.0, 36394.0]","[0.0, 0.0, 0.0, 0.0]"
"[-89.0, -94.0, -84.0, -82.0]","[29655.0, 30082.0, 5036.0, 28811.0]","[36450.0, 36451.0, 36453.0, 36454.0]","[0.0, 0.0, 0.0, 0.0]"
"[-101.0, -98.0, -85.0, -89.0]","[25037.0, 25386.0, 149.0, 23905.0]","[36510.0, 36511.0, 36513.0, 36514.0]","[0.0, 0.0, 0.0, 0.0]"
"[-96.0, -89.0, -83.0, -88.0]","[19844.0, 20617.0, 28023.0, 18598.0]","[36570.0, 36571.0, 36573.0, 36574.0]","[0.0, 0.0, 0.0, 0.0]"
"[-109.0, -99.0, -77.0, -107.0]","[14395.0, 15285.0, 23150.0, 13170.0]","[36630.0, 36631.0, 36633.0, 36634.0]","[0.0, 0.0, 0.0, 0.0]"
"[-92.0, -94.0, -108.0, -78.0]","[9234.0, 9970.0, 17887.0, 7923.0]","[36690.0, 36691.0, 36693.0, 36694.0]","[0.0, 0.0, 0.0, 0.0]"
"[-77.0, -72.0, -63.0, -69.0]","[4188.0, 4651.0, 12656.0, 2726.0]","[36750.0, 36751.0, 36753.0, 36754.0]","[0.0, 0.0, 0.0, 0.0]"
"[-36.0, -30.0, -27.0, -35.0]","[1746.0, 2310.0, 10145.0, 316.0]","[36810.0, 36811.0, 36813.0, 36814.0]","[0.0, 0.0, 0.0, 0.0]"
"[19.0, 26.0, -14.0, 4.0]","[1033.0, 1872.0, 9247.0, 32196.0]","[36870.0, 36871.0, 36873.0, 36874.0]","[0.0, 0.0, 0.0, 0.0]"
"[95.0, -61.0, -52.0, 51.0]","[4043.0, 2037.0, 6743.0, 31993.0]","[36930.0, 36931.0, 36933.0, 36934.0]","[0.0, 0.0, 0.0, 0.0]"
"[59.0, -56.0, -67.0, 81.0]","[7839.0, 29041.0, 3171.0, 4108.0]","[36990.0, 36991.0, 36993.0, 36994.0]","[0.0, 0.0, 0.0, 0.0]"
"[31.0, -25.0, -33.0, 13.0]","[10353.0, 26694.0, 478.0, 6500.0]","[37050.0, 37051.0, 37053.0, 37054.0]","[0.0, 0.0, 0.0, 0.0]"
"[54.0, -60.0, -55.0, 34.0]","[12044.0, 25274.0, 31685.0, 7897.0]","[37110.0, 37111.0, 37113.0, 37114.0]","[0.0, 0.0, 0.0, 0.0]"
"[34.0, -44.0, -52.0, 55.0]","[14939.0, 22030.0, 28608.0, 10929.0]","[37170.0, 37171.0, 37173.0, 37174.0]","[0.0, 0.0, 0.0, 0.0]"
"[25.0, -38.0, -31.0, 15.0]","[16057.0, 20374.0, 26865.0, 12624.0]","[37230.0, 37231.0, 37233.0, 37234.0]","[0.0, 0.0, 0.0, 0.0]"
"[37.0, -43.0, -46.0, 47.0]","[17677.0, 18333.0, 24986.0, 14465.0]","[37290.0, 37291.0, 37293.0, 37294.0]","[0.0, 0.0, 0.0, 0.0]"
"[18.0, -12.0, -14.0, 7.0]","[18947.0, 16843.0, 23842.0, 15923.0]","[37350.0, 37351.0, 37353.0, 37354.0]","[0.0, 0.0, 0.0, 0.0]"
"[26.0, -43.0, -26.0, 37.0]","[19853.0, 15558.0, 22890.0, 17076.0]","[37410.0, 37411.0, 37413.0, 37414.0]","[0.0, 0.0, 0.0, 0.0]"
"[21.0, -12.0, -23.0, 19.0]","[21330.0, 13879.0, 21511.0, 18960.0]","[37470.0, 37471.0, 37473.0, 37474.0]","[0.0, 0.0, 0.0, 0.0]"
"[7.0, -18.0, -7.0, 10.0]","[21960.0, 13042.0, 20842.0, 19593.0]","[37530.0, 37531.0, 37533.0, 37534.0]","[0.0, 0.0, 0.0, 0.0]"
"[15.0, -11.0, -21.0, 14.0]","[22757.0, 12275.0, 20185.0, 20694.0]","[37590.0, 37591.0, 37593.0, 37594.0]","[0.0, 0.0, 0.0, 0.0]"
"[9.0, -15.0, -13.0, 13.0]","[23363.0, 11537.0, 19537.0, 21330.0]","[37650.0, 37651.0, 37653.0, 37654.0]","[0.0, 0.0, 0.0, 0.0]"
"[10.0, -18.0, -15.0, 6.0]","[23982.0, 10822.0, 18932.0, 21938.0]","[37710.0, 37711.0, 37713.0, 37714.0]","[0.0, 0.0, 0.0, 0.0]"
"[10.0, -11.0, -13.0, 12.0]","[24564.0, 10198.0, 18372.0, 22612.0]","[37770.0, 37771.0, 37773.0, 37774.0]","[0.0, 0.0, 0.0, 0.0]"
"[76.0, -38.0, -34.0, 25.0]","[25866.0, 9365.0, 17293.0, 23416.0]","[37830.0, 37831.0, 37833.0, 37834.0]","[0.0, 0.0, 0.0, 0.0]"
"[79.0, -107.0, -76.0, 99.0]","[31164.0, 4992.0, 13835.0, 27529.0]","[37890.0, 37891.0, 37893.0, 37894.0]","[0.0, 0.0, 0.0, 0.0]"
"[0.0, -45.0, -22.0, 36.0]","[1309.0, 1383.0, 10773.0, 31139.0]","[37950.0, 37951.0, 37953.0, 37954.0]","[0.0, 0.0, 0.0, 0.0]"
"[33.0, -47.0, -41.0, 31.0]","[1812.0, 32394.0, 8848.0, 88.0]","[38010.0, 38011.0, 38013.0, 38014.0]","[0.0, 0.0, 0.0, 0.0]"
"[50.0, -55.0, -42.0, 54.0]","[4593.0, 29136.0, 5583.0, 3279.0]","[38070.0, 38071.0, 38073.0, 38074.0]","[0.0, 0.0, 0.0, 0.0]"
"[13.0, -17.0, -17.0, 20.0]","[5937.0, 27652.0, 4089.0, 5078.0]","[38130.0, 38131.0, 38133.0, 38134.0]","[0.0, 0.0, 0.0, 0.0]"
"[66.0, -37.0, -39.0, 48.0]","[7476.0, 26495.0, 2885.0, 6223.0]","[38190.0, 38191.0, 38193.0, 38194.0]","[0.0, 0.0, 0.0, 0.0]"
"[23.0, -29.0, -28.0, 33.0]","[9885.0, 24141.0, 471.0, 8756.0]","[38250.0, 38251.0, 38253.0, 38254.0]","[0.0, 0.0, 0.0, 0.0]"
"[20.0, -18.0, -22.0, 13.0]","[10979.0, 23230.0, 32421.0, 9585.0]","[38310.0, 38311.0, 38313.0, 38314.0]","[0.0, 0.0, 0.0, 0.0]"
"[21.0, -15.0, -16.0, 17.0]","[11929.0, 22258.0, 31422.0, 10525.0]","[38370.0, 38371.0, 38373.0, 38374.0]","[0.0, 0.0, 0.0, 0.0]"
"[11.0, -2.0, -5.0, 3.0]","[12480.0, 21737.0, 30933.0, 11085.0]","[38430.0, 38431.0, 38433.0, 38434.0]","[0.0, 0.0, 0.0, 0.0]"
"[2.0, -13.0, -4.0, 7.0]","[12795.0, 21281.0, 30528.0, 11469.0]","[38490.0, 38491.0, 38493.0, 38494.0]","[0.0, 0.0, 0.0, 0.0]"
"[7.0, -11.0, -18.0, 9.0]","[13312.0, 20748.0, 30036.0, 11971.0]","[38550.0, 38551.0, 38553.0, 38554.0]","[0.0, 0.0, 0.0, 0.0]"
"[109.0, -86.0, -100.0, 68.0]","[16081.0, 18887.0, 28050.0, 13411.0]","[38610.0, 38611.0, 38613.0, 38614.0]","[0.0, 0.0, 0.0, 0.0]"
"[70.0, -72.0, -71.0, 99.0]","[20381.0, 13665.0, 23941.0, 18136.0]","[38670.0, 38671.0, 38673.0, 38674.0]","[0.0, 0.0, 0.0, 0.0]"
"[-15.0, -19.0, -24.0, 44.0]","[22070.0, 11283.0, 21503.0, 20906.0]","[38730.0, 38731.0, 38733.0, 38734.0]","[0.0, 0.0, 0.0, 0.0]"
"[42.0, -59.0, -51.0, 54.0]","[23459.0, 9187.0, 19394.0, 22848.0]","[38790.0, 38791.0, 38793.0, 38794.0]","[0.0, 0.0, 0.0, 0.0]"
"[34.0, -38.0, -42.0, 54.0]","[26374.0, 6030.0, 16292.0, 25979.0]","[38850.0, 38851.0, 38853.0, 38854.0]","[0.0, 0.0, 0.0, 0.0]"
"[19.0, -23.0, -21.0, 9.0]","[27225.0, 4728.0, 15200.0, 27191.0]","[38910.0, 38911.0, 38913.0, 38914.0]","[0.0, 0.0, 0.0, 0.0]"
"[40.0, -44.0, -47.0, 54.0]","[28758.0, 3063.0, 13338.0, 28991.0]","[38970.0, 38971.0, 38973.0, 38974.0]","[0.0, 0.0, 0.0, 0.0]"
"[27.0, -9.0, -15.0, 11.0]","[30456.0, 1111.0, 11454.0, 30955.0]","[39030.0, 39031.0, 39033.0, 39034.0]","[0.0, 0.0, 0.0, 0.0]"
"[8.0, -20.0, -16.0, 16.0]","[31336.0, 309.0, 10587.0, 31507.0]","[39090.0, 39091.0, 39093.0, 39094.0]","[0.0, 0.0, 0.0, 0.0]"
"[15.0, -17.0, -12.0, 22.0]","[32283.0, 32109.0, 9719.0, 32561.0]","[39150.0, 39151.0, 39153.0, 39154.0]","[0.0, 0.0, 0.0, 0.0]"
"[7.0, -10.0, -6.0, 6.0]","[652.0, 31190.0, 8829.0, 887.0]","[39270.0, 39271.0, 39273.0, 39274.0]","[0.0, 0.0, 0.0, 0.0]"
"[-81.0, -76.0, -123.0, -84.0]","[32198.0, 29123.0, 6335.0, 32185.0]","[39330.0, 39331.0, 39333.0, 39334.0]","[0.0, 0.0, 0.0, 0.0]"
"[-73.0, -70.0, -96.0, -92.0]","[27737.0, 24199.0, 1226.0, 27393.0]","[39390.0, 39391.0, 39393.0, 39394.0]","[0.0, 0.0, 0.0, 0.0]"
"[-98.0, -78.0, -82.0, -100.0]","[22774.0, 19491.0, 29058.0, 22140.0]","[39450.0, 39451.0, 39453.0, 39454.0]","[0.0, 0.0, 0.0, 0.0]"
"[-84.0, -94.0, -78.0, -107.0]","[17362.0, 14536.0, 24234.0, 16883.0]","[39510.0, 39511.0, 39513.0, 39514.0]","[0.0, 0.0, 0.0, 0.0]"
"[-93.0, -108.0, -104.0, -108.0]","[11974.0, 9151.0, 19201.0, 11640.0]","[39570.0, 39571.0, 39573.0, 39574.0]","[0.0, 0.0, 0.0, 0.0]"
"[-75.0, -108.0, -93.0, -102.0]","[6888.0, 3801.0, 13754.0, 6458.0]","[39630.0, 39631.0, 39633.0, 39634.0]","[0.0, 0.0, 0.0, 0.0]"
"[-51.0, -38.0, -42.0, -39.0]","[2695.0, 32284.0, 9415.0, 2246.0]","[39690.0, 39691.0, 39693.0, 39694.0]","[0.0, 0.0, 0.0, 0.0]"
"[-15.0, -20.0, -20.0, -23.0]","[916.0, 30532.0, 7637.0, 406.0]","[39750.0, 39751.0, 39753.0, 39754.0]","[0.0, 0.0, 0.0, 0.0]"
"[14.0, 30.0, -46.0, -20.0]","[894.0, 31376.0, 6931.0, 32322.0]","[39810.0, 39811.0, 39813.0, 39814.0]","[0.0, 0.0, 0.0, 0.0]"
"[65.0, -132.0, -64.0, 89.0]","[5456.0, 28776.0, 3706.0, 966.0]","[39870.0, 39871.0, 39873.0, 39874.0]","[0.0, 0.0, 0.0, 0.0]"
"[59.0, -50.0, -49.0, 58.0]","[8748.0, 23754.0, 254.0, 7082.0]","[39930.0, 39931.0, 39933.0, 39934.0]","[0.0, 0.0, 0.0, 0.0]"
"[30.0, -19.0, -26.0, 20.0]","[10862.0, 22106.0, 31073.0, 8780.0]","[39990.0, 39991.0, 39993.0, 39994.0]","[0.0, 0.0, 0.0, 0.0]"
"[84.0, -60.0, -65.0, 53.0]","[13165.0, 20320.0, 29178.0, 10562.0]","[40050.0, 40051.0, 40053.0, 40054.0]","[0.0, 0.0, 0.0, 0.0]"
"[28.0, -30.0, -20.0, 32.0]","[15760.0, 17578.0, 26548.0, 13487.0]","[40110.0, 40111.0, 40113.0, 40114.0]","[0.0, 0.0, 0.0, 0.0]"
"[18.0, -25.0, -19.0, 18.0]","[16398.0, 16829.0, 25975.0, 14453.0]","[40170.0, 40171.0, 40173.0, 40174.0]","[0.0, 0.0, 0.0, 0.0]"
"[46.0, -41.0, -40.0, 57.0]","[18328.0, 14156.0, 23969.0, 16509.0]","[40230.0, 40231.0, 40233.0, 40234.0]","[0.0, 0.0, 0.0, 0.0]"
"[23.0, -5.0, -26.0, 12.0]","[19484.0, 12556.0, 22597.0, 18262.0]","[40290.0, 40291.0, 40293.0, 40294.0]","[0.0, 0.0, 0.0, 0.0]"
"[16.0, -40.0, -36.0, 27.0]","[20415.0, 11798.0, 21461.0, 18861.0]","[40350.0, 40351.0, 40353.0, 40354.0]","[0.0, 0.0, 0.0, 0.0]"
"[18.0, -21.0, -22.0, 21.0]","[21693.0, 9947.0, 20198.0, 20863.0]","[40410.0, 40411.0, 40413.0, 40414.0]","[0.0, 0.0, 0.0, 0.0]"
"[5.0, -9.0, -5.0, 9.0]","[22210.0, 9332.0, 19655.0, 21370.0]","[40470.0, 40471.0, 40473.0, 40474.0]","[0.0, 0.0, 0.0, 0.0]"
"[10.0, -18.0, -16.0, 22.0]","[22838.0, 8446.0, 19128.0, 22281.0]","[40530.0, 40531.0, 40533.0, 40534.0]","[0.0, 0.0, 0.0, 0.0]"
"[11.0, -7.0, -7.0, 6.0]","[23380.0, 7743.0, 18508.0, 23043.0]","[40590.0, 40591.0, 40593.0, 40594.0]","[0.0, 0.0, 0.0, 0.0]"
"[8.0, -5.0, -4.0, 5.0]","[23756.0, 7397.0, 18217.0, 23336.0]","[40650.0, 40651.0, 40653.0, 40654.0]","[0.0, 0.0, 0.0, 0.0]"
"[4.0, -5.0, -9.0, 2.0]","[24003.0, 7161.0, 18011.0, 23532.0]","[40710.0, 40711.0, 40713.0, 40714.0]","[0.0, 0.0, 0.0, 0.0]"
"[0.0, -7.0, 2.0, -3.0]","[24173.0, 6982.0, 17835.0, 23702.0]","[40770.0, 40771.0, 40773.0, 40774.0]","[0.0, 0.0, 0.0, 0.0]"
"[125.0, -69.0, -53.0, 46.0]","[25980.0, 6032.0, 16160.0, 24386.0]","[40830.0, 40831.0, 40833.0, 40834.0]","[0.0, 0.0, 0.0, 0.0]"
"[85.0, -73.0, -64.0, 78.0]","[30649.0, 1585.0, 12778.0, 29144.0]","[40890.0, 40891.0, 40893.0, 40894.0]","[0.0, 0.0, 0.0, 0.0]"
"[30.0, -43.0, -28.0, 28.0]","[88.0, 31405.0, 10423.0, 32011.0]","[40950.0, 40951.0, 40953.0, 40954.0]","[0.0, 0.0, 0.0, 0.0]"
"[43.0, -42.0, -49.0, 38.0]","[1617.0, 29692.0, 8777.0, 963.0]","[41010.0, 41011.0, 41013.0, 41014.0]","[0.0, 0.0, 0.0, 0.0]"
"[36.0, -49.0, -51.0, 68.0]","[4357.0, 26416.0, 5982.0, 4059.0]","[41070.0, 41071.0, 41073.0, 41074.0]","[0.0, 0.0, 0.0, 0.0]"
"[14.0, -18.0, -8.0, 21.0]","[5238.0, 24976.0, 5004.0, 5595.0]","[41130.0, 41131.0, 41133.0, 41134.0]","[0.0, 0.0, 0.0, 0.0]"
"[45.0, -59.0, -49.0, 41.0]","[6591.0, 22949.0, 3664.0, 7021.0]","[41190.0, 41191.0, 41193.0, 41194.0]","[0.0, 0.0, 0.0, 0.0]"
"[16.0, -16.0, -10.0, 13.0]","[8262.0, 20997.0, 1851.0, 9026.0]","[41250.0, 41251.0, 41253.0, 41254.0]","[0.0, 0.0, 0.0, 0.0]"
"[18.0, -23.0, -21.0, 6.0]","[9290.0, 20730.0, 1296.0, 9554.0]","[41310.0, 41311.0, 41313.0, 41314.0]","[0.0, 0.0, 0.0, 0.0]"
"[11.0, -31.0, -17.0, 30.0]","[10204.0, 19055.0, 32691.0, 10783.0]","[41370.0, 41371.0, 41373.0, 41374.0]","[0.0, 0.0, 0.0, 0.0]"
"[8.0, -2.0, -7.0, 5.0]","[10866.0, 18219.0, 32047.0, 11561.0]","[41430.0, 41431.0, 41433.0, 41434.0]","[0.0, 0.0, 0.0, 0.0]"
"[11.0, -6.0, -5.0, 7.0]","[11191.0, 17950.0, 31733.0, 11812.0]","[41490.0, 41491.0, 41493.0, 41494.0]","[0.0, 0.0, 0.0, 0.0]"
"[11.0, -8.0, -6.0, 7.0]","[11537.0, 17556.0, 31362.0, 12187.0]","[41550.0, 41551.0, 41553.0, 41554.0]","[0.0, 0.0, 0.0, 0.0]"
"[-2.0, -5.0, -7.0, 2.0]","[11775.0, 17311.0, 31139.0, 12436.0]","[41610.0, 41611.0, 41613.0, 41614.0]","[0.0, 0.0, 0.0, 0.0]"
"[10.0, 4.0, -11.0, 4.0]","[11921.0, 17273.0, 31015.0, 12481.0]","[41670.0, 41671.0, 41673.0, 41674.0]","[0.0, 0.0, 0.0, 0.0]"
"[110.0, -86.0, -58.0, 74.0]","[16054.0, 15289.0, 28756.0, 14024.0]","[41730.0, 41731.0, 41733.0, 41734.0]","[0.0, 0.0, 0.0, 0.0]"
"[60.0, -65.0, -59.0, 79.0]","[19953.0, 11600.0, 25180.0, 19111.0]","[41790.0, 41791.0, 41793.0, 41794.0]","[0.0, 0.0, 0.0, 0.0]"
"[22.0, -36.0, -18.0, 38.0]","[21760.0, 9706.0, 23392.0, 21325.0]","[41850.0, 41851.0, 41853.0, 41854.0]","[0.0, 0.0, 0.0, 0.0]"
"[60.0, -79.0, -55.0, 61.0]","[23826.0, 7489.0, 21518.0, 23383.0]","[41910.0, 41911.0, 41913.0, 41914.0]","[0.0, 0.0, 0.0, 0.0]"
"[16.0, -25.0, -14.0, 35.0]","[26409.0, 4588.0, 18826.0, 26301.0]","[41970.0, 41971.0, 41973.0, 41974.0]","[0.0, 0.0, 0.0, 0.0]"
"[21.0, -10.0, -18.0, 22.0]","[27294.0, 3367.0, 17678.0, 27381.0]","[42030.0, 42031.0, 42033.0, 42034.0]","[0.0, 0.0, 0.0, 0.0]"
"[28.0, -36.0, -38.0, 32.0]","[29078.0, 1634.0, 15981.0, 29408.0]","[42090.0, 42091.0, 42093.0, 42094.0]","[0.0, 0.0, 0.0, 0.0]"
"[7.0, -9.0, -12.0, 8.0]","[30291.0, 310.0, 14659.0, 30849.0]","[42150.0, 42151.0, 42153.0, 42154.0]","[0.0, 0.0, 0.0, 0.0]"
"[23.0, -27.0, -18.0, 17.0]","[30824.0, 32510.0, 14041.0, 31356.0]","[42210.0, 42211.0, 42213.0, 42214.0]","[0.0, 0.0, 0.0, 0.0]"
"[8.0, -13.0, -9.0, 8.0]","[441.0, 30336.0, 11811.0, 944.0]","[42330.0, 42331.0, 42333.0, 42334.0]","[0.0, 0.0, 0.0, 0.0]"
"[3.0, -10.0, -11.0, 7.0]","[815.0, 29811.0, 11348.0, 1303.0]","[42390.0, 42391.0, 42393.0, 42394.0]","[0.0, 0.0, 0.0, 0.0]"
"[6.0, 2.0, -4.0, 2.0]","[1051.0, 29424.0, 10984.0, 1615.0]","[42450.0, 42451.0, 42453.0, 42454.0]","[0.0, 0.0, 0.0, 0.0]"
"[1.0, -3.0, 3.0, 0.0]","[1155.0, 29291.0, 10842.0, 1735.0]","[42510.0, 42511.0, 42513.0, 42514.0]","[0.0, 0.0, 0.0, 0.0]"
"[-84.0, -73.0, -102.0, -47.0]","[681.0, 28617.0, 9877.0, 910.0]","[42570.0, 42571.0, 42573.0, 42574.0]","[0.0, 0.0, 0.0, 0.0]"
"[-91.0, -84.0, -84.0, -80.0]","[28083.0, 23759.0, 4755.0, 28941.0]","[42630.0, 42631.0, 42633.0, 42634.0]","[0.0, 0.0, 0.0, 0.0]"
"[-81.0, -96.0, -84.0, -90.0]","[23421.0, 18918.0, 32519.0, 23967.0]","[42690.0, 42691.0, 42693.0, 42694.0]","[0.0, 0.0, 0.0, 0.0]"
"[-80.0, -88.0, -99.0, -90.0]","[18377.0, 13783.0, 27422.0, 18689.0]","[42750.0, 42751.0, 42753.0, 42754.0]","[0.0, 0.0, 0.0, 0.0]"
"[-112.0, -102.0, -107.0, -103.0]","[13054.0, 8419.0, 22352.0, 13413.0]","[42810.0, 42811.0, 42813.0, 42814.0]","[0.0, 0.0, 0.0, 0.0]"
"[-91.0, -93.0, -88.0, -77.0]","[7767.0, 3136.0, 17200.0, 7981.0]","[42870.0, 42871.0, 42873.0, 42874.0]","[0.0, 0.0, 0.0, 0.0]"
"[-58.0, -51.0, -59.0, -40.0]","[3074.0, 31049.0, 12393.0, 3299.0]","[42930.0, 42931.0, 42933.0, 42934.0]","[0.0, 0.0, 0.0, 0.0]"
"[-23.0, -21.0, -26.0, -31.0]","[1078.0, 29064.0, 10210.0, 1257.0]","[42990.0, 42991.0, 42993.0, 42994.0]","[0.0, 0.0, 0.0, 0.0]"
"[-3.0, -5.0, -4.0, -4.0]","[154.0, 28134.0, 9168.0, 328.0]","[43050.0, 43051.0, 43053.0, 43054.0]","[0.0, 0.0, 0.0, 0.0]"
"[-2.0, 3.0, 3.0, 4.0]","[235.0, 28184.0, 9284.0, 493.0]","[43110.0, 43111.0, 43113.0, 43114.0]","[0.0, 0.0, 0.0, 0.0]"
"[6.0, -5.0, 2.0, 4.0]","[237.0, 28198.0, 9301.0, 496.0]","[43170.0, 43171.0, 43173.0, 43174.0]","[0.0, 0.0, 0.0, 0.0]"
"[7.0, -1.0, 2.0, 0.0]","[243.0, 28186.0, 9291.0, 504.0]","[43230.0, 43231.0, 43233.0, 43234.0]","[0.0, 0.0, 0.0, 0.0]"
"[-2.0, -3.0, -6.0, 2.0]","[277.0, 28161.0, 9264.0, 536.0]","[43290.0, 43291.0, 43293.0, 43294.0]","[0.0, 0.0, 0.0, 0.0]"
"[-2.0, -5.0, -2.0, -1.0]","[329.0, 28117.0, 9222.0, 588.0]","[43350.0, 43351.0, 43353.0, 43354.0]","[0.0, 0.0, 0.0, 0.0]"
"[-2.0, 0.0, 0.0, -4.0]","[392.0, 28068.0, 9169.0, 635.0]","[43410.0, 43411.0, 43413.0, 43414.0]","[0.0, 0.0, 0.0, 0.0]"
"[-6.0, -5.0, 3.0, -1.0]","[426.0, 28034.0, 9144.0, 672.0]","[43470.0, 43471.0, 43473.0, 43474.0]","[0.0, 0.0, 0.0, 0.0]"
"[-5.0, -5.0, 2.0, -1.0]","[425.0, 28044.0, 9154.0, 667.0]","[43530.0, 43531.0, 43533.0, 43534.0]","[0.0, 0.0, 0.0, 0.0]"
"[-2.0, -3.0, -3.0, 5.0]","[403.0, 28061.0, 9170.0, 648.0]","[43590.0, 43591.0, 43593.0, 43594.0]","[0.0, 0.0, 0.0, 0.0]"
"[1.0, 0.0, -6.0, -3.0]","[402.0, 28064.0, 9171.0, 648.0]","[43650.0, 43651.0, 43653.0, 43654.0]","[0.0, 0.0, 0.0, 0.0]"
"[-4.0, -1.0, 0.0, 29.0]","[413.0, 28055.0, 9164.0, 658.0]","[43710.0, 43711.0, 43713.0, 43714.0]","[0.0, 0.0, 0.0, 0.0]"
"[-3.0, 2.0, 2.0, 5.0]","[415.0, 28054.0, 9162.0, 658.0]","[43770.0, 43771.0, 43773.0, 43774.0]","[0.0, 0.0, 0.0, 0.0]"
"[-3.0, -2.0, 1.0, 1.0]","[411.0, 28059.0, 9167.0, 653.0]","[43830.0, 43831.0, 43833.0, 43834.0]","[0.0, 0.0, 0.0, 0.0]"
"[-2.0, -1.0, -5.0, -5.0]","[412.0, 28057.0, 9166.0, 655.0]","[43890.0, 43891.0, 43893.0, 43894.0]","[0.0, 0.0, 0.0, 0.0]"
"[0.0, 0.0, -2.0, -4.0]","[415.0, 28056.0, 9164.0, 657.0]","[43950.0, 43951.0, 43953.0, 43954.0]","[0.0, 0.0, 0.0, 0.0]"
"[-5.0, -1.0, -6.0, 0.0]","[414.0, 28057.0, 9165.0, 656.0]","[44010.0, 44011.0, 44013.0, 44014.0]","[0.0, 0.0, 0.0, 0.0]"
"[3.0, -2.0, -3.0, 0.0]","[414.0, 28057.0, 9165.0, 656.0]","[44070.0, 44071.0, 44073.0, 44074.0]","[0.0, 0.0, 0.0, 0.0]"
"[-1.0, 2.0, -1.0, 2.0]","[415.0, 28057.0, 9164.0, 657.0]","[44130.0, 44131.0, 44133.0, 44134.0]","[0.0, 0.0, 0.0, 0.0]"
"[-2.0, -1.0, -3.0, -1.0]","[415.0, 28057.0, 9165.0, 657.0]","[44190.0, 44191.0, 44193.0, 44194.0]","[0.0, 0.0, 0.0, 0.0]"
"[-4.0, 8.0, 0.0, -2.0]","[415.0, 28057.0, 9165.0, 656.0]","[44250.0, 44251.0, 44253.0, 44254.0]","[0.0, 0.0, 0.0, 0.0]"
"[-3.0, 4.0, -3.0, -1.0]","[416.0, 28056.0, 9164.0, 657.0]","[44310.0, 44311.0, 44313.0, 44314.0]","[0.0, 0.0, 0.0, 0.0]"
"[1.0, -2.0, -1.0, -6.0]","[416.0, 28057.0, 9165.0, 657.0]","[44370.0, 44371.0, 44373.0, 44374.0]","[0.0, 0.0, 0.0, 0.0]"
"[-3.0, 5.0, 1.0, -5.0]","[416.0, 28057.0, 9164.0, 657.0]","[44430.0, 44431.0, 44433.0, 44434.0]","[0.0, 0.0, 0.0, 0.0]"
"[0.0, 2.0, -2.0, 0.0]","[416.0, 28056.0, 9164.0, 657.0]","[44490.0, 44491.0, 44493.0, 44494.0]","[0.0, 0.0, 0.0, 0.0]"
"[1.0, 1.0, 0.0, -2.0]","[416.0, 28057.0, 9165.0, 657.0]","[44550.0, 44551.0, 44553.0, 44554.0]","[0.0, 0.0, 0.0, 0.0]"
"[-3.0, -1.0, -1.0, 1.0]","[416.0, 28056.0, 9165.0, 658.0]","[44610.0, 44611.0, 44613.0, 44614.0]","[0.0, 0.0, 0.0, 0.0]"
"[-3.0, 2.0, -3.0, -3.0]","[416.0, 28056.0, 9165.0, 658.0]","[44670.0, 44671.0, 44673.0, 44674.0]","[0.0, 0.0, 0.0, 0.0]"
"[-2.0, -1.0, -5.0, 0.0]","[417.0, 28056.0, 9164.0, 658.0]","[44730.0, 44731.0, 44733.0, 44734.0]","[0.0, 0.0, 0.0, 0.0]"
"[3.0, -3.0, 1.0, -3.0]","[417.0, 28056.0, 9166.0, 657.0]","[44790.0, 44791.0, 44793.0, 44794.0]","[0.0, 0.0, 0.0, 0.0]"
"[0.0, -1.0, 1.0, 2.0]","[418.0, 28056.0, 9166.0, 658.0]","[44850.0, 44851.0, 44853.0, 44854.0]","[0.0, 0.0, 0.0, 0.0]"
"[-4.0, -1.0, -7.0, -8.0]","[417.0, 28057.0, 9165.0, 657.0]","[44910.0, 44911.0, 44913.0, 44914.0]","[0.0, 0.0, 0.0, 0.0]"
"[-1.0, 3.0, -4.0, 0.0]","[417.0, 28057.0, 9165.0, 658.0]","[44970.0, 44971.0, 44973.0, 44974.0]","[0.0, 0.0, 0.0, 0.0]"
"[3.0, -1.0, 0.0, -4.0]","[417.0, 28057.0, 9165.0, 658.0]","[45030.0, 45031.0, 45033.0, 45034.0]","[0.0, 0.0, 0.0, 0.0]"
"[4.0, 0.0, -5.0, 1.0]","[418.0, 28056.0, 9165.0, 658.0]","[45090.0, 45091.0, 45093.0, 45094.0]","[0.0, 0.0, 0.0, 0.0]"
"[-1.0, -4.0, -5.0, 3.0]","[418.0, 28056.0, 9166.0, 658.0]","[45210.0, 45211.0, 45213.0, 45214.0]","[0.0, 0.0, 0.0, 0.0]"
"[2.0, 0.0, 4.0, 0.0]","[418.0, 28056.0, 9165.0, 658.0]","[45270.0, 45271.0, 45273.0, 45274.0]","[0.0, 0.0, 0.0, 0.0]"
"[-4.0, 1.0, 1.0, -5.0]","[421.0, 28058.0, 9166.0, 659.0]","[45330.0, 45331.0, 45333.0, 45334.0]","[0.0, 0.0, 0.0, 0.0]"
"[23.0, -22.0, -14.0, 12.0]","[619.0, 27842.0, 9000.0, 909.0]","[45390.0, 45391.0, 45393.0, 45394.0]","[0.0, 0.0, 0.0, 0.0]"
"[68.0, -63.0, -69.0, 74.0]","[4187.0, 23869.0, 6628.0, 3446.0]","[45450.0, 45451.0, 45453.0, 45454.0]","[0.0, 0.0, 0.0, 0.0]"
"[60.0, -67.0, -61.0, 69.0]","[8093.0, 19645.0, 2440.0, 8193.0]","[45510.0, 45511.0, 45513.0, 45514.0]","[0.0, 0.0, 0.0, 0.0]"
"[35.0, -33.0, -36.0, 30.0]","[9791.0, 17354.0, 210.0, 10383.0]","[45570.0, 45571.0, 45573.0, 45574.0]","[0.0, 0.0, 0.0, 0.0]"
"[65.0, -64.0, -66.0, 48.0]","[12210.0, 14605.0, 30521.0, 12785.0]","[45630.0, 45631.0, 45633.0, 45634.0]","[0.0, 0.0, 0.0, 0.0]"
"[22.0, -13.0, -25.0, 31.0]","[14931.0, 11761.0, 27658.0, 15981.0]","[45690.0, 45691.0, 45693.0, 45694.0]","[0.0, 0.0, 0.0, 0.0]"
"[20.0, -30.0, -19.0, 16.0]","[16017.0, 10697.0, 26549.0, 17074.0]","[45750.0, 45751.0, 45753.0, 45754.0]","[0.0, 0.0, 0.0, 0.0]"
"[47.0, -46.0, -46.0, 53.0]","[18363.0, 8479.0, 24403.0, 19341.0]","[45810.0, 45811.0, 45813.0, 45814.0]","[0.0, 0.0, 0.0, 0.0]"
"[20.0, -32.0, -18.0, 3.0]","[19860.0, 6840.0, 23535.0, 21036.0]","[45870.0, 45871.0, 45873.0, 45874.0]","[0.0, 0.0, 0.0, 0.0]"
"[31.0, -16.0, -20.0, 21.0]","[20934.0, 6165.0, 22763.0, 21882.0]","[45930.0, 45931.0, 45933.0, 45934.0]","[0.0, 0.0, 0.0, 0.0]"
"[16.0, -22.0, -23.0, 8.0]","[22266.0, 5254.0, 21660.0, 23044.0]","[45990.0, 45991.0, 45993.0, 45994.0]","[0.0, 0.0, 0.0, 0.0]"
"[11.0, -13.0, -9.0, 13.0]","[22899.0, 4537.0, 20946.0, 23630.0]","[46050.0, 46051.0, 46053.0, 46054.0]","[0.0, 0.0, 0.0, 0.0]"
"[15.0, -9.0, -17.0, 12.0]","[23513.0, 3786.0, 20216.0, 24355.0]","[46110.0, 46111.0, 46113.0, 46114.0]","[0.0, 0.0, 0.0, 0.0]"
"[13.0, -12.0, -10.0, 10.0]","[24324.0, 3113.0, 19497.0, 25074.0]","[46170.0, 46171.0, 46173.0, 46174.0]","[0.0, 0.0, 0.0, 0.0]"
"[61.0, -46.0, -34.0, 38.0]","[25402.0, 2107.0, 18543.0, 25902.0]","[46230.0, 46231.0, 46233.0, 46234.0]","[0.0, 0.0, 0.0, 0.0]"
"[74.0, -78.0, -76.0, 91.0]","[30277.0, 30275.0, 14977.0, 29680.0]","[46290.0, 46291.0, 46293.0, 46294.0]","[0.0, 0.0, 0.0, 0.0]"
"[74.0, -78.0, -76.0, 91.0]","[30277.0, 30275.0, 14977.0, 29680.0]","[46290.0, 46291.0, 46293.0, 46294.0]","[0.0, 0.0, 0.0, 0.0]"
"[56.0, -38.0, -38.0, 44.0]","[2871.0, 24681.0, 9440.0, 3048.0]","[46410.0, 46411.0, 46413.0, 46414.0]","[0.0, 0.0, 0.0, 0.0]"
"[52.0, -56.0, -54.0, 40.0]","[5766.0, 22610.0, 6862.0, 5582.0]","[46470.0, 46471.0, 46473.0, 46474.0]","[0.0, 0.0, 0.0, 0.0]"
"[30.0, -34.0, -24.0, 26.0]","[8059.0, 20543.0, 4615.0, 7622.0]","[46530.0, 46531.0, 46533.0, 46534.0]","[0.0, 0.0, 0.0, 0.0]"
"[22.0, -31.0, -29.0, 35.0]","[9469.0, 19210.0, 3169.0, 8944.0]","[46590.0, 46591.0, 46593.0, 46594.0]","[0.0, 0.0, 0.0, 0.0]"
"[25.0, -33.0, -31.0, 27.0]","[11435.0, 17152.0, 1185.0, 10886.0]","[46650.0, 46651.0, 46653.0, 46654.0]","[0.0, 0.0, 0.0, 0.0]"
"[15.0, -5.0, -13.0, 7.0]","[12323.0, 16353.0, 371.0, 11747.0]","[46710.0, 46711.0, 46713.0, 46714.0]","[0.0, 0.0, 0.0, 0.0]"
"[30.0, -25.0, -35.0, 24.0]","[13402.0, 15171.0, 31942.0, 12670.0]","[46770.0, 46771.0, 46773.0, 46774.0]","[0.0, 0.0, 0.0, 0.0]"
"[9.0, -3.0, -16.0, 5.0]","[14438.0, 14260.0, 30871.0, 13577.0]","[46830.0, 46831.0, 46833.0, 46834.0]","[0.0, 0.0, 0.0, 0.0]"
"[8.0, 0.0, 0.0, 8.0]","[14845.0, 13849.0, 30496.0, 13963.0]","[46890.0, 46891.0, 46893.0, 46894.0]","[0.0, 0.0, 0.0, 0.0]"
"[1.0, -6.0, -7.0, 8.0]","[15232.0, 13430.0, 30112.0, 14410.0]","[46950.0, 46951.0, 46953.0, 46954.0]","[0.0, 0.0, 0.0, 0.0]"
"[103.0, -61.0, -52.0, 44.0]","[17010.0, 12030.0, 28836.0, 15449.0]","[47010.0, 47011.0, 47013.0, 47014.0]","[0.0, 0.0, 0.0, 0.0]"
"[86.0, -59.0, -93.0, 68.0]","[21457.0, 7817.0, 24900.0, 19481.0]","[47070.0, 47071.0, 47073.0, 47074.0]","[0.0, 0.0, 0.0, 0.0]"
"[23.0, -61.0, -46.0, 37.0]","[24438.0, 5052.0, 22239.0, 22531.0]","[47130.0, 47131.0, 47133.0, 47134.0]","[0.0, 0.0, 0.0, 0.0]"
"[52.0, -35.0, -40.0, 46.0]","[26202.0, 2964.0, 20507.0, 24660.0]","[47190.0, 47191.0, 47193.0, 47194.0]","[0.0, 0.0, 0.0, 0.0]"
"[37.0, -30.0, -51.0, 28.0]","[28989.0, 951.0, 17946.0, 27091.0]","[47250.0, 47251.0, 47253.0, 47254.0]","[0.0, 0.0, 0.0, 0.0]"
"[19.0, -15.0, -23.0, 22.0]","[30650.0, 32322.0, 16457.0, 28472.0]","[47310.0, 47311.0, 47313.0, 47314.0]","[0.0, 0.0, 0.0, 0.0]"
"[23.0, -30.0, -29.0, 26.0]","[31799.0, 31081.0, 15172.0, 29689.0]","[47370.0, 47371.0, 47373.0, 47374.0]","[0.0, 0.0, 0.0, 0.0]"
"[26.0, -16.0, -14.0, 7.0]","[651.0, 29459.0, 13611.0, 31144.0]","[47430.0, 47431.0, 47433.0, 47434.0]","[0.0, 0.0, 0.0, 0.0]"
"[4.0, -7.0, -11.0, 9.0]","[1101.0, 28974.0, 13055.0, 31555.0]","[47490.0, 47491.0, 47493.0, 47494.0]","[0.0, 0.0, 0.0, 0.0]"
"[12.0, -14.0, -19.0, 14.0]","[1891.0, 28151.0, 12188.0, 32376.0]","[47550.0, 47551.0, 47553.0, 47554.0]","[0.0, 0.0, 0.0, 0.0]"
"[9.0, -14.0, -5.0, 5.0]","[2595.0, 27479.0, 11435.0, 229.0]","[47610.0, 47611.0, 47613.0, 47614.0]","[0.0, 0.0, 0.0, 0.0]"
"[3.0, -3.0, -6.0, 4.0]","[2932.0, 27121.0, 11170.0, 504.0]","[47670.0, 47671.0, 47673.0, 47674.0]","[0.0, 0.0, 0.0, 0.0]"
"[-89.0, -83.0, -112.0, -93.0]","[1154.0, 25318.0, 8713.0, 31755.0]","[47730.0, 47731.0, 47733.0, 47734.0]","[0.0, 0.0, 0.0, 0.0]"
"[-81.0, -114.0, -106.0, -86.0]","[29260.0, 20141.0, 3835.0, 26976.0]","[47790.0, 47791.0, 47793.0, 47794.0]","[0.0, 0.0, 0.0, 0.0]"
"[-86.0, -88.0, -103.0, -84.0]","[24271.0, 15319.0, 31636.0, 21846.0]","[47850.0, 47851.0, 47853.0, 47854.0]","[0.0, 0.0, 0.0, 0.0]"
"[-112.0, -74.0, -79.0, -116.0]","[19057.0, 10368.0, 26626.0, 16481.0]","[47910.0, 47911.0, 47913.0, 47914.0]","[0.0, 0.0, 0.0, 0.0]"
"[-88.0, -109.0, -102.0, -104.0]","[13737.0, 5076.0, 21471.0, 11173.0]","[47970.0, 47971.0, 47973.0, 47974.0]","[0.0, 0.0, 0.0, 0.0]"
"[-111.0, -95.0, -84.0, -105.0]","[8550.0, 32363.0, 16089.0, 5954.0]","[48030.0, 48031.0, 48033.0, 48034.0]","[0.0, 0.0, 0.0, 0.0]"
"[-37.0, -49.0, -46.0, -34.0]","[4420.0, 28156.0, 11812.0, 1823.0]","[48090.0, 48091.0, 48093.0, 48094.0]","[0.0, 0.0, 0.0, 0.0]"
"[-25.0, -22.0, -24.0, -24.0]","[2639.0, 26399.0, 9953.0, 26.0]","[48150.0, 48151.0, 48153.0, 48154.0]","[0.0, 0.0, 0.0, 0.0]"
"[10.0, 8.0, -17.0, -6.0]","[2465.0, 26522.0, 9473.0, 32312.0]","[48210.0, 48211.0, 48213.0, 48214.0]","[0.0, 0.0, 0.0, 0.0]"
"[60.0, -75.0, -65.0, 93.0]","[6964.0, 24982.0, 7182.0, 1235.0]","[48270.0, 48271.0, 48273.0, 48274.0]","[0.0, 0.0, 0.0, 0.0]"
"[45.0, -50.0, -50.0, 63.0]","[10362.0, 21319.0, 3832.0, 6225.0]","[48330.0, 48331.0, 48333.0, 48334.0]","[0.0, 0.0, 0.0, 0.0]"
"[25.0, -28.0, -9.0, 24.0]","[12222.0, 20138.0, 2666.0, 7719.0]","[48390.0, 48391.0, 48393.0, 48394.0]","[0.0, 0.0, 0.0, 0.0]"
"[64.0, -71.0, -65.0, 58.0]","[14724.0, 17621.0, 261.0, 10450.0]","[48450.0, 48451.0, 48453.0, 48454.0]","[0.0, 0.0, 0.0, 0.0]"
"[46.0, -18.0, -32.0, 19.0]","[17024.0, 14959.0, 30876.0, 13328.0]","[48510.0, 48511.0, 48513.0, 48514.0]","[0.0, 0.0, 0.0, 0.0]"
"[16.0, -27.0, -26.0, 33.0]","[18594.0, 13592.0, 29088.0, 14428.0]","[48570.0, 48571.0, 48573.0, 48574.0]","[0.0, 0.0, 0.0, 0.0]"
"[37.0, -46.0, -38.0, 53.0]","[20267.0, 11317.0, 27343.0, 16854.0]","[48630.0, 48631.0, 48633.0, 48634.0]","[0.0, 0.0, 0.0, 0.0]"
"[13.0, -13.0, -10.0, 11.0]","[21611.0, 9873.0, 26124.0, 18334.0]","[48690.0, 48691.0, 48693.0, 48694.0]","[0.0, 0.0, 0.0, 0.0]"
"[22.0, -28.0, -31.0, 33.0]","[22319.0, 8868.0, 25326.0, 19212.0]","[48750.0, 48751.0, 48753.0, 48754.0]","[0.0, 0.0, 0.0, 0.0]"
"[23.0, -24.0, -14.0, 25.0]","[23929.0, 7090.0, 23764.0, 21165.0]","[48810.0, 48811.0, 48813.0, 48814.0]","[0.0, 0.0, 0.0, 0.0]"
"[6.0, -11.0, -6.0, 11.0]","[24472.0, 6360.0, 23234.0, 21713.0]","[48870.0, 48871.0, 48873.0, 48874.0]","[0.0, 0.0, 0.0, 0.0]"
"[-2.0, -9.0, -15.0, 18.0]","[25211.0, 5548.0, 22575.0, 22660.0]","[48930.0, 48931.0, 48933.0, 48934.0]","[0.0, 0.0, 0.0, 0.0]"
"[5.0, -8.0, -7.0, 3.0]","[25749.0, 5050.0, 22115.0, 23191.0]","[48990.0, 48991.0, 48993.0, 48994.0]","[0.0, 0.0, 0.0, 0.0]"
"[7.0, -4.0, -4.0, 1.0]","[25948.0, 4767.0, 21915.0, 23411.0]","[49050.0, 49051.0, 49053.0, 49054.0]","[0.0, 0.0, 0.0, 0.0]"
"[9.0, -2.0, -6.0, -3.0]","[26106.0, 4650.0, 21747.0, 23506.0]","[49110.0, 49111.0, 49113.0, 49114.0]","[0.0, 0.0, 0.0, 0.0]"
"[107.0, -81.0, -70.0, 47.0]","[28425.0, 2892.0, 19343.0, 24777.0]","[49170.0, 49171.0, 49173.0, 49174.0]","[0.0, 0.0, 0.0, 0.0]"
"[59.0, -71.0, -66.0, 78.0]","[32597.0, 31749.0, 15278.0, 28400.0]","[49230.0, 49231.0, 49233.0, 49234.0]","[0.0, 0.0, 0.0, 0.0]"
"[42.0, -25.0, -30.0, 31.0]","[2695.0, 29123.0, 12815.0, 30722.0]","[49290.0, 49291.0, 49293.0, 49294.0]","[0.0, 0.0, 0.0, 0.0]"
"[50.0, -56.0, -56.0, 48.0]","[4662.0, 27208.0, 10741.0, 32570.0]","[49350.0, 49351.0, 49353.0, 49354.0]","[0.0, 0.0, 0.0, 0.0]"
"[38.0, -40.0, -36.0, 36.0]","[7751.0, 24308.0, 7744.0, 2855.0]","[49410.0, 49411.0, 49413.0, 49414.0]","[0.0, 0.0, 0.0, 0.0]"
"[10.0, -19.0, -22.0, 12.0]","[9023.0, 23122.0, 6712.0, 3531.0]","[49470.0, 49471.0, 49473.0, 49474.0]","[0.0, 0.0, 0.0, 0.0]"
"[60.0, -41.0, -49.0, 49.0]","[10662.0, 21486.0, 4962.0, 5378.0]","[49530.0, 49531.0, 49533.0, 49534.0]","[0.0, 0.0, 0.0, 0.0]"
"[15.0, -17.0, 12.0, 11.0]","[12608.0, 19481.0, 3257.0, 7296.0]","[49590.0, 49591.0, 49593.0, 49594.0]","[0.0, 0.0, 0.0, 0.0]"
"[16.0, -15.0, -20.0, 19.0]","[13448.0, 18818.0, 2804.0, 7786.0]","[49650.0, 49651.0, 49653.0, 49654.0]","[0.0, 0.0, 0.0, 0.0]"
"[26.0, -20.0, -21.0, 23.0]","[14809.0, 17465.0, 1493.0, 9167.0]","[49710.0, 49711.0, 49713.0, 49714.0]","[0.0, 0.0, 0.0, 0.0]"
"[6.0, -5.0, -3.0, 8.0]","[15397.0, 16855.0, 829.0, 9720.0]","[49770.0, 49771.0, 49773.0, 49774.0]","[0.0, 0.0, 0.0, 0.0]"
"[10.0, -8.0, -5.0, 8.0]","[15885.0, 16593.0, 538.0, 10116.0]","[49830.0, 49831.0, 49833.0, 49834.0]","[0.0, 0.0, 0.0, 0.0]"
"[7.0, -13.0, -15.0, 9.0]","[16374.0, 16126.0, 33.0, 10550.0]","[49890.0, 49891.0, 49893.0, 49894.0]","[0.0, 0.0, 0.0, 0.0]"
"[112.0, -82.0, -42.0, 71.0]","[19101.0, 14284.0, 31058.0, 12244.0]","[49950.0, 49951.0, 49953.0, 49954.0]","[0.0, 0.0, 0.0, 0.0]"
"[60.0, -72.0, -74.0, 84.0]","[23321.0, 10046.0, 26980.0, 16471.0]","[50010.0, 50011.0, 50013.0, 50014.0]","[0.0, 0.0, 0.0, 0.0]"
"[16.0, -15.0, -42.0, 27.0]","[25514.0, 7880.0, 24726.0, 19060.0]","[50070.0, 50071.0, 50073.0, 50074.0]","[0.0, 0.0, 0.0, 0.0]"
"[49.0, -54.0, -60.0, 56.0]","[27744.0, 5924.0, 22660.0, 21271.0]","[50130.0, 50131.0, 50133.0, 50134.0]","[0.0, 0.0, 0.0, 0.0]"
"[43.0, -35.0, -33.0, 27.0]","[30689.0, 3214.0, 19816.0, 24396.0]","[50190.0, 50191.0, 50193.0, 50194.0]","[0.0, 0.0, 0.0, 0.0]"
"[7.0, -16.0, -10.0, 11.0]","[31606.0, 2079.0, 18766.0, 25395.0]","[50250.0, 50251.0, 50253.0, 50254.0]","[0.0, 0.0, 0.0, 0.0]"
"[1.0, -4.0, -6.0, 16.0]","[2153.0, 31047.0, 15270.0, 29249.0]","[50370.0, 50371.0, 50373.0, 50374.0]","[0.0, 0.0, 0.0, 0.0]"
"[25.0, -23.0, -25.0, 24.0]","[3044.0, 30176.0, 14434.0, 30005.0]","[50430.0, 50431.0, 50433.0, 50434.0]","[0.0, 0.0, 0.0, 0.0]"
"[14.0, -16.0, -11.0, 14.0]","[4185.0, 28971.0, 13288.0, 31197.0]","[50490.0, 50491.0, 50493.0, 50494.0]","[0.0, 0.0, 0.0, 0.0]"
"[5.0, -9.0, -8.0, 7.0]","[4637.0, 28446.0, 12836.0, 31615.0]","[50550.0, 50551.0, 50553.0, 50554.0]","[0.0, 0.0, 0.0, 0.0]"
"[1.0, -4.0, -7.0, 9.0]","[5121.0, 27992.0, 12445.0, 32131.0]","[50610.0, 50611.0, 50613.0, 50614.0]","[0.0, 0.0, 0.0, 0.0]"
"[-91.0, -59.0, -106.0, -64.0]","[4456.0, 26609.0, 10878.0, 31177.0]","[50670.0, 50671.0, 50673.0, 50674.0]","[0.0, 0.0, 0.0, 0.0]"
"[-76.0, -91.0, -103.0, -71.0]","[32345.0, 21550.0, 5859.0, 26631.0]","[50730.0, 50731.0, 50733.0, 50734.0]","[0.0, 0.0, 0.0, 0.0]"
"[-85.0, -89.0, -89.0, -90.0]","[27667.0, 16726.0, 923.0, 21560.0]","[50790.0, 50791.0, 50793.0, 50794.0]","[0.0, 0.0, 0.0, 0.0]"
"[-104.0, -108.0, -81.0, -83.0]","[22385.0, 11923.0, 28790.0, 16180.0]","[50850.0, 50851.0, 50853.0, 50854.0]","[0.0, 0.0, 0.0, 0.0]"
"[-100.0, -103.0, -97.0, -102.0]","[16949.0, 6631.0, 23628.0, 10775.0]","[50910.0, 50911.0, 50913.0, 50914.0]","[0.0, 0.0, 0.0, 0.0]"
"[-84.0, -101.0, -92.0, -86.0]","[11787.0, 1201.0, 18336.0, 5616.0]","[50970.0, 50971.0, 50973.0, 50974.0]","[0.0, 0.0, 0.0, 0.0]"
"[-43.0, -42.0, -49.0, -73.0]","[7362.0, 29477.0, 13698.0, 1156.0]","[51030.0, 51031.0, 51033.0, 51034.0]","[0.0, 0.0, 0.0, 0.0]"
"[-21.0, -20.0, -23.0, -25.0]","[5555.0, 27634.0, 11641.0, 32052.0]","[51090.0, 51091.0, 51093.0, 51094.0]","[0.0, 0.0, 0.0, 0.0]"
"[22.0, 10.0, -28.0, -12.0]","[5640.0, 27831.0, 10886.0, 31342.0]","[51150.0, 51151.0, 51153.0, 51154.0]","[0.0, 0.0, 0.0, 0.0]"
"[49.0, -84.0, -69.0, 58.0]","[9798.0, 25607.0, 8496.0, 93.0]","[51210.0, 51211.0, 51213.0, 51214.0]","[0.0, 0.0, 0.0, 0.0]"
"[63.0, -65.0, -57.0, 81.0]","[13085.0, 21594.0, 4848.0, 5029.0]","[51270.0, 51271.0, 51273.0, 51274.0]","[0.0, 0.0, 0.0, 0.0]"
"[31.0, -23.0, -26.0, 27.0]","[14719.0, 19969.0, 3013.0, 6937.0]","[51330.0, 51331.0, 51333.0, 51334.0]","[0.0, 0.0, 0.0, 0.0]"
"[61.0, -67.0, -54.0, 51.0]","[16722.0, 17784.0, 530.0, 9287.0]","[51390.0, 51391.0, 51393.0, 51394.0]","[0.0, 0.0, 0.0, 0.0]"
"[10.0, -30.0, -16.0, 28.0]","[18959.0, 15000.0, 30765.0, 12194.0]","[51450.0, 51451.0, 51453.0, 51454.0]","[0.0, 0.0, 0.0, 0.0]"
"[26.0, -33.0, -19.0, 26.0]","[19613.0, 13951.0, 29955.0, 12987.0]","[51510.0, 51511.0, 51513.0, 51514.0]","[0.0, 0.0, 0.0, 0.0]"
"[48.0, -49.0, -50.0, 50.0]","[21818.0, 10944.0, 27586.0, 15661.0]","[51570.0, 51571.0, 51573.0, 51574.0]","[0.0, 0.0, 0.0, 0.0]"
"[31.0, -3.0, -5.0, 20.0]","[22474.0, 9617.0, 26340.0, 17235.0]","[51630.0, 51631.0, 51633.0, 51634.0]","[0.0, 0.0, 0.0, 0.0]"
"[13.0, -43.0, -41.0, 31.0]","[23318.0, 8434.0, 25172.0, 18093.0]","[51690.0, 51691.0, 51693.0, 51694.0]","[0.0, 0.0, 0.0, 0.0]"
"[27.0, -36.0, -19.0, 27.0]","[24626.0, 6427.0, 23614.0, 19988.0]","[51750.0, 51751.0, 51753.0, 51754.0]","[0.0, 0.0, 0.0, 0.0]"
"[10.0, -7.0, -9.0, 7.0]","[25369.0, 5502.0, 22871.0, 20664.0]","[51810.0, 51811.0, 51813.0, 51814.0]","[0.0, 0.0, 0.0, 0.0]"
"[12.0, -13.0, -8.0, 13.0]","[25952.0, 4918.0, 22284.0, 21304.0]","[51870.0, 51871.0, 51873.0, 51874.0]","[0.0, 0.0, 0.0, 0.0]"
"[13.0, -8.0, -11.0, 8.0]","[26715.0, 4264.0, 21814.0, 22135.0]","[51930.0, 51931.0, 51933.0, 51934.0]","[0.0, 0.0, 0.0, 0.0]"
"[12.0, -8.0, -10.0, 6.0]","[27185.0, 3752.0, 21334.0, 22618.0]","[51990.0, 51991.0, 51993.0, 51994.0]","[0.0, 0.0, 0.0, 0.0]"
"[10.0, -7.0, -8.0, 7.0]","[27664.0, 3331.0, 20871.0, 23083.0]","[52050.0, 52051.0, 52053.0, 52054.0]","[0.0, 0.0, 0.0, 0.0]"
"[55.0, -35.0, -41.0, 23.0]","[29059.0, 2662.0, 19752.0, 23711.0]","[52110.0, 52111.0, 52113.0, 52114.0]","[0.0, 0.0, 0.0, 0.0]"
"[76.0, -82.0, -84.0, 98.0]","[1334.0, 31693.0, 16259.0, 27279.0]","[52170.0, 52171.0, 52173.0, 52174.0]","[0.0, 0.0, 0.0, 0.0]"
"[26.0, -35.0, -30.0, 10.0]","[4432.0, 28197.0, 13042.0, 30852.0]","[52230.0, 52231.0, 52233.0, 52234.0]","[0.0, 0.0, 0.0, 0.0]"
"[29.0, -41.0, -52.0, 19.0]","[6830.0, 26700.0, 10934.0, 32572.0]","[52290.0, 52291.0, 52293.0, 52294.0]","[0.0, 0.0, 0.0, 0.0]"
"[44.0, -62.0, -48.0, 60.0]","[9083.0, 23692.0, 8178.0, 2718.0]","[52350.0, 52351.0, 52353.0, 52354.0]","[0.0, 0.0, 0.0, 0.0]"
"[20.0, -21.0, -20.0, 13.0]","[10861.0, 21758.0, 6445.0, 4622.0]","[52410.0, 52411.0, 52413.0, 52414.0]","[0.0, 0.0, 0.0, 0.0]"
"[43.0, -39.0, -31.0, 27.0]","[12104.0, 20670.0, 5262.0, 5702.0]","[52470.0, 52471.0, 52473.0, 52474.0]","[0.0, 0.0, 0.0, 0.0]"
"[34.0, -25.0, -26.0, 27.0]","[14422.0, 18618.0, 3075.0, 7951.0]","[52530.0, 52531.0, 52533.0, 52534.0]","[0.0, 0.0, 0.0, 0.0]"
"[5.0, -16.0, -10.0, -12.0]","[14851.0, 17685.0, 2414.0, 8077.0]","[52590.0, 52591.0, 52593.0, 52594.0]","[0.0, 0.0, 0.0, 0.0]"
"[21.0, -10.0, -15.0, 23.0]","[15385.0, 17047.0, 1764.0, 8698.0]","[52650.0, 52651.0, 52653.0, 52654.0]","[0.0, 0.0, 0.0, 0.0]"
"[14.0, -5.0, -13.0, 15.0]","[16513.0, 16463.0, 955.0, 9680.0]","[52710.0, 52711.0, 52713.0, 52714.0]","[0.0, 0.0, 0.0, 0.0]"
"[6.0, -9.0, -11.0, 6.0]","[17256.0, 15861.0, 310.0, 10324.0]","[52770.0, 52771.0, 52773.0, 52774.0]","[0.0, 0.0, 0.0, 0.0]"
"[4.0, -13.0, -4.0, 5.0]","[17706.0, 15299.0, 32643.0, 10742.0]","[52830.0, 52831.0, 52833.0, 52834.0]","[0.0, 0.0, 0.0, 0.0]"
"[106.0, -63.0, -39.0, 48.0]","[20017.0, 13824.0, 31135.0, 11930.0]","[52890.0, 52891.0, 52893.0, 52894.0]","[0.0, 0.0, 0.0, 0.0]"
"[78.0, -83.0, -89.0, 91.0]","[24763.0, 9268.0, 27201.0, 16328.0]","[52950.0, 52951.0, 52953.0, 52954.0]","[0.0, 0.0, 0.0, 0.0]"
"[14.0, -11.0, -25.0, 11.0]","[27152.0, 6547.0, 25116.0, 19216.0]","[53010.0, 53011.0, 53013.0, 53014.0]","[0.0, 0.0, 0.0, 0.0]"
"[51.0, -57.0, -46.0, 40.0]","[28815.0, 5117.0, 23195.0, 20958.0]","[53070.0, 53071.0, 53073.0, 53074.0]","[0.0, 0.0, 0.0, 0.0]"
"[52.0, -50.0, -49.0, 46.0]","[31828.0, 1805.0, 19921.0, 24250.0]","[53130.0, 53131.0, 53133.0, 53134.0]","[0.0, 0.0, 0.0, 0.0]"
"[16.0, -16.0, -28.0, 10.0]","[785.0, 602.0, 18814.0, 25384.0]","[53190.0, 53191.0, 53193.0, 53194.0]","[0.0, 0.0, 0.0, 0.0]"
"[26.0, -53.0, -39.0, 39.0]","[1949.0, 30939.0, 17316.0, 26705.0]","[53250.0, 53251.0, 53253.0, 53254.0]","[0.0, 0.0, 0.0, 0.0]"
"[15.0, -33.0, -23.0, 35.0]","[3708.0, 28941.0, 15406.0, 28637.0]","[53310.0, 53311.0, 53313.0, 53314.0]","[0.0, 0.0, 0.0, 0.0]"
"[6.0, -11.0, -14.0, -3.0]","[4407.0, 28105.0, 14693.0, 29200.0]","[53370.0, 53371.0, 53373.0, 53374.0]","[0.0, 0.0, 0.0, 0.0]"
"[15.0, -18.0, -15.0, 21.0]","[5495.0, 26934.0, 13572.0, 30330.0]","[53430.0, 53431.0, 53433.0, 53434.0]","[0.0, 0.0, 0.0, 0.0]"
"[9.0, -3.0, -7.0, 2.0]","[6143.0, 26248.0, 12867.0, 30985.0]","[53490.0, 53491.0, 53493.0, 53494.0]","[0.0, 0.0, 0.0, 0.0]"
"[12.0, -8.0, -13.0, 13.0]","[6728.0, 25768.0, 12436.0, 31483.0]","[53550.0, 53551.0, 53553.0, 53554.0]","[0.0, 0.0, 0.0, 0.0]"
"[-68.0, -71.0, -140.0, -76.0]","[6719.0, 24426.0, 10839.0, 31075.0]","[53610.0, 53611.0, 53613.0, 53614.0]","[0.0, 0.0, 0.0, 0.0]"
"[-77.0, -70.0, -78.0, -99.0]","[1874.0, 19564.0, 5070.0, 26093.0]","[53670.0, 53671.0, 53673.0, 53674.0]","[0.0, 0.0, 0.0, 0.0]"
"[-103.0, -79.0, -85.0, -88.0]","[29798.0, 14977.0, 159.0, 20807.0]","[53730.0, 53731.0, 53733.0, 53734.0]","[0.0, 0.0, 0.0, 0.0]"
"[-89.0, -82.0, -88.0, -97.0]","[24378.0, 10119.0, 28219.0, 15444.0]","[53790.0, 53791.0, 53793.0, 53794.0]","[0.0, 0.0, 0.0, 0.0]"
"[-116.0, -98.0, -86.0, -75.0]","[18960.0, 4623.0, 23152.0, 10205.0]","[53850.0, 53851.0, 53853.0, 53854.0]","[0.0, 0.0, 0.0, 0.0]"
"[-56.0, -63.0, -50.0, -55.0]","[9302.0, 27277.0, 12745.0, 163.0]","[53970.0, 53971.0, 53973.0, 53974.0]","[0.0, 0.0, 0.0, 0.0]"
"[-29.0, -27.0, -22.0, -23.0]","[7179.0, 25240.0, 10769.0, 30966.0]","[54030.0, 54031.0, 54033.0, 54034.0]","[0.0, 0.0, 0.0, 0.0]"
"[13.0, 42.0, -5.0, -17.0]","[6409.0, 25437.0, 10220.0, 29978.0]","[54090.0, 54091.0, 54093.0, 54094.0]","[0.0, 0.0, 0.0, 0.0]"
"[130.0, -74.0, -38.0, 87.0]","[9569.0, 25646.0, 7635.0, 29940.0]","[54150.0, 54151.0, 54153.0, 54154.0]","[0.0, 0.0, 0.0, 0.0]"
"[49.0, -39.0, -53.0, 61.0]","[13996.0, 19674.0, 4650.0, 4014.0]","[54210.0, 54211.0, 54213.0, 54214.0]","[0.0, 0.0, 0.0, 0.0]"
"[36.0, -27.0, -29.0, 36.0]","[16465.0, 17689.0, 2380.0, 6281.0]","[54270.0, 54271.0, 54273.0, 54274.0]","[0.0, 0.0, 0.0, 0.0]"
"[39.0, -30.0, -40.0, 28.0]","[18177.0, 16295.0, 744.0, 7890.0]","[54330.0, 54331.0, 54333.0, 54334.0]","[0.0, 0.0, 0.0, 0.0]"
"[37.0, -27.0, -40.0, 26.0]","[20507.0, 14131.0, 30952.0, 10056.0]","[54390.0, 54391.0, 54393.0, 54394.0]","[0.0, 0.0, 0.0, 0.0]"
"[18.0, -18.0, -27.0, 16.0]","[21851.0, 12862.0, 29696.0, 11234.0]","[54450.0, 54451.0, 54453.0, 54454.0]","[0.0, 0.0, 0.0, 0.0]"
"[34.0, -39.0, -41.0, 33.0]","[23274.0, 11371.0, 28055.0, 12783.0]","[54510.0, 54511.0, 54513.0, 54514.0]","[0.0, 0.0, 0.0, 0.0]"
"[20.0, -16.0, -10.0, 12.0]","[24864.0, 9762.0, 26425.0, 14343.0]","[54570.0, 54571.0, 54573.0, 54574.0]","[0.0, 0.0, 0.0, 0.0]"
"[10.0, -24.0, -18.0, 16.0]","[25407.0, 9134.0, 25916.0, 14929.0]","[54630.0, 54631.0, 54633.0, 54634.0]","[0.0, 0.0, 0.0, 0.0]"
"[22.0, -33.0, -30.0, 35.0]","[26912.0, 7584.0, 24275.0, 16627.0]","[54690.0, 54691.0, 54693.0, 54694.0]","[0.0, 0.0, 0.0, 0.0]"
"[-6.0, -9.0, -2.0, 5.0]","[27478.0, 6584.0, 23632.0, 17160.0]","[54750.0, 54751.0, 54753.0, 54754.0]","[0.0, 0.0, 0.0, 0.0]"
"[26.0, -25.0, -18.0, 29.0]","[28080.0, 5877.0, 23148.0, 18258.0]","[54810.0, 54811.0, 54813.0, 54814.0]","[0.0, 0.0, 0.0, 0.0]"
"[18.0, -16.0, -13.0, 4.0]","[29181.0, 5048.0, 22267.0, 19252.0]","[54870.0, 54871.0, 54873.0, 54874.0]","[0.0, 0.0, 0.0, 0.0]"
"[2.0, -1.0, -1.0, -2.0]","[29364.0, 4756.0, 22062.0, 19426.0]","[54930.0, 54931.0, 54933.0, 54934.0]","[0.0, 0.0, 0.0, 0.0]"
"[-4.0, -2.0, -28.0, 2.0]","[29518.0, 4605.0, 21937.0, 19566.0]","[54990.0, 54991.0, 54993.0, 54994.0]","[0.0, 0.0, 0.0, 0.0]"
"[0.0, -1.0, -4.0, -1.0]","[29636.0, 4492.0, 21835.0, 19669.0]","[55050.0, 55051.0, 55053.0, 55054.0]","[0.0, 0.0, 0.0, 0.0]"
"[2.0, 0.0, -3.0, -2.0]","[29735.0, 4398.0, 21740.0, 19760.0]","[55110.0, 55111.0, 55113.0, 55114.0]","[0.0, 0.0, 0.0, 0.0]"
"[-7.0, 4.0, -5.0, 1.0]","[29868.0, 4263.0, 21592.0, 19883.0]","[55170.0, 55171.0, 55173.0, 55174.0]","[0.0, 0.0, 0.0, 0.0]"
"[71.0, -39.0, -73.0, 20.0]","[31370.0, 3942.0, 20518.0, 20171.0]","[55230.0, 55231.0, 55233.0, 55234.0]","[0.0, 0.0, 0.0, 0.0]"
"[69.0, -90.0, -56.0, 120.0]","[3701.0, 385.0, 17219.0, 24065.0]","[55290.0, 55291.0, 55293.0, 55294.0]","[0.0, 0.0, 0.0, 0.0]"
"[20.0, -31.0, -24.0, 37.0]","[6976.0, 29577.0, 14112.0, 28535.0]","[55350.0, 55351.0, 55353.0, 55354.0]","[0.0, 0.0, 0.0, 0.0]"
"[30.0, -46.0, -43.0, 40.0]","[9114.0, 27706.0, 12361.0, 30558.0]","[55410.0, 55411.0, 55413.0, 55414.0]","[0.0, 0.0, 0.0, 0.0]"
"[41.0, -48.0, -48.0, 57.0]","[11164.0, 24497.0, 9724.0, 385.0]","[55470.0, 55471.0, 55473.0, 55474.0]","[0.0, 0.0, 0.0, 0.0]"
"[22.0, -28.0, -24.0, 18.0]","[12768.0, 22429.0, 8090.0, 2518.0]","[55530.0, 55531.0, 55533.0, 55534.0]","[0.0, 0.0, 0.0, 0.0]"
"[27.0, -37.0, -35.0, 44.0]","[13993.0, 20982.0, 6783.0, 3805.0]","[55590.0, 55591.0, 55593.0, 55594.0]","[0.0, 0.0, 0.0, 0.0]"
"[26.0, -23.0, -24.0, 28.0]","[15866.0, 18977.0, 4953.0, 5973.0]","[55650.0, 55651.0, 55653.0, 55654.0]","[0.0, 0.0, 0.0, 0.0]"
"[3.0, -12.0, -10.0, 6.0]","[16480.0, 18359.0, 4396.0, 6614.0]","[55710.0, 55711.0, 55713.0, 55714.0]","[0.0, 0.0, 0.0, 0.0]"
"[32.0, -25.0, -27.0, 37.0]","[17577.0, 17078.0, 3189.0, 7894.0]","[55770.0, 55771.0, 55773.0, 55774.0]","[0.0, 0.0, 0.0, 0.0]"
"[12.0, -13.0, -6.0, 2.0]","[18799.0, 16025.0, 2169.0, 9149.0]","[55830.0, 55831.0, 55833.0, 55834.0]","[0.0, 0.0, 0.0, 0.0]"
"[6.0, -13.0, -10.0, 8.0]","[19242.0, 15530.0, 1783.0, 9519.0]","[55890.0, 55891.0, 55893.0, 55894.0]","[0.0, 0.0, 0.0, 0.0]"
"[3.0, -4.0, -5.0, 7.0]","[19527.0, 15158.0, 1421.0, 9804.0]","[55950.0, 55951.0, 55953.0, 55954.0]","[0.0, 0.0, 0.0, 0.0]"
"[5.0, 2.0, -8.0, 3.0]","[19691.0, 14970.0, 1187.0, 9990.0]","[56010.0, 56011.0, 56013.0, 56014.0]","[0.0, 0.0, 0.0, 0.0]"
"[5.0, 1.0, 0.0, 6.0]","[19839.0, 14827.0, 1013.0, 10141.0]","[56070.0, 56071.0, 56073.0, 56074.0]","[0.0, 0.0, 0.0, 0.0]"
"[76.0, -40.0, -64.0, 16.0]","[21040.0, 14447.0, 57.0, 10428.0]","[56130.0, 56131.0, 56133.0, 56134.0]","[0.0, 0.0, 0.0, 0.0]"
"[63.0, -71.0, -85.0, 92.0]","[26440.0, 11431.0, 29571.0, 14095.0]","[56190.0, 56191.0, 56193.0, 56194.0]","[0.0, 0.0, 0.0, 0.0]"
"[39.0, -35.0, -28.0, 21.0]","[29651.0, 8139.0, 26583.0, 17772.0]","[56250.0, 56251.0, 56253.0, 56254.0]","[0.0, 0.0, 0.0, 0.0]"
"[33.0, -37.0, -39.0, 28.0]","[31099.0, 6703.0, 25169.0, 19175.0]","[56310.0, 56311.0, 56313.0, 56314.0]","[0.0, 0.0, 0.0, 0.0]"
"[47.0, -56.0, -54.0, 65.0]","[852.0, 3704.0, 22512.0, 22166.0]","[56370.0, 56371.0, 56373.0, 56374.0]","[0.0, 0.0, 0.0, 0.0]"
"[1.0, -32.0, -20.0, 20.0]","[1926.0, 1520.0, 21035.0, 24028.0]","[56430.0, 56431.0, 56433.0, 56434.0]","[0.0, 0.0, 0.0, 0.0]"
"[49.0, -42.0, -39.0, 30.0]","[3515.0, 148.0, 19904.0, 25533.0]","[56490.0, 56491.0, 56493.0, 56494.0]","[0.0, 0.0, 0.0, 0.0]"
"[19.0, -21.0, -24.0, 21.0]","[5454.0, 31186.0, 18143.0, 27316.0]","[56550.0, 56551.0, 56553.0, 56554.0]","[0.0, 0.0, 0.0, 0.0]"
"[13.0, -13.0, -7.0, 12.0]","[6247.0, 30628.0, 17536.0, 28023.0]","[56610.0, 56611.0, 56613.0, 56614.0]","[0.0, 0.0, 0.0, 0.0]"
"[28.0, -27.0, -31.0, 20.0]","[7357.0, 29423.0, 16225.0, 29232.0]","[56670.0, 56671.0, 56673.0, 56674.0]","[0.0, 0.0, 0.0, 0.0]"
"[19.0, -13.0, -3.0, 8.0]","[8251.0, 28480.0, 15281.0, 30145.0]","[56730.0, 56731.0, 56733.0, 56734.0]","[0.0, 0.0, 0.0, 0.0]"
"[2.0, -8.0, -11.0, 5.0]","[8728.0, 28079.0, 14960.0, 30458.0]","[56790.0, 56791.0, 56793.0, 56794.0]","[0.0, 0.0, 0.0, 0.0]"
"[0.0, -6.0, -5.0, 9.0]","[9122.0, 27700.0, 14525.0, 30875.0]","[56850.0, 56851.0, 56853.0, 56854.0]","[0.0, 0.0, 0.0, 0.0]"
"[3.0, -3.0, -4.0, 8.0]","[9388.0, 27382.0, 14186.0, 31155.0]","[56910.0, 56911.0, 56913.0, 56914.0]","[0.0, 0.0, 0.0, 0.0]"
"[4.0, -7.0, -5.0, 1.0]","[9615.0, 27116.0, 13954.0, 31314.0]","[56970.0, 56971.0, 56973.0, 56974.0]","[0.0, 0.0, 0.0, 0.0]"
"[-94.0, -86.0, -111.0, -89.0]","[5979.0, 23361.0, 9749.0, 27405.0]","[57030.0, 57031.0, 57033.0, 57034.0]","[0.0, 0.0, 0.0, 0.0]"
"[-79.0, -84.0, -91.0, -106.0]","[1449.0, 18715.0, 4695.0, 22643.0]","[57090.0, 57091.0, 57093.0, 57094.0]","[0.0, 0.0, 0.0, 0.0]"
"[-80.0, -85.0, -83.0, -99.0]","[29190.0, 13777.0, 32446.0, 17305.0]","[57150.0, 57151.0, 57153.0, 57154.0]","[0.0, 0.0, 0.0, 0.0]"
"[-112.0, -105.0, -109.0, -106.0]","[23868.0, 8576.0, 27456.0, 12179.0]","[57210.0, 57211.0, 57213.0, 57214.0]","[0.0, 0.0, 0.0, 0.0]"
"[-83.0, -84.0, -101.0, -93.0]","[18488.0, 3247.0, 22232.0, 6861.0]","[57270.0, 57271.0, 57273.0, 57274.0]","[0.0, 0.0, 0.0, 0.0]"
"[-110.0, -102.0, -107.0, -94.0]","[13360.0, 30473.0, 16760.0, 1572.0]","[57330.0, 57331.0, 57333.0, 57334.0]","[0.0, 0.0, 0.0, 0.0]"
"[-18.0, -15.0, -21.0, -17.0]","[9171.0, 26195.0, 12329.0, 30031.0]","[57450.0, 57451.0, 57453.0, 57454.0]","[0.0, 0.0, 0.0, 0.0]"
"[0.0, 5.0, 3.0, 1.0]","[8811.0, 25951.0, 12173.0, 29836.0]","[57510.0, 57511.0, 57513.0, 57514.0]","[0.0, 0.0, 0.0, 0.0]"
"[-6.0, 6.0, 0.0, -6.0]","[8708.0, 26054.0, 12273.0, 29736.0]","[57570.0, 57571.0, 57573.0, 57574.0]","[0.0, 0.0, 0.0, 0.0]"
"[-5.0, 0.0, 0.0, -2.0]","[8553.0, 26201.0, 12417.0, 29597.0]","[57630.0, 57631.0, 57633.0, 57634.0]","[0.0, 0.0, 0.0, 0.0]"
"[-4.0, 1.0, 2.0, -9.0]","[8347.0, 26381.0, 12580.0, 29411.0]","[57690.0, 57691.0, 57693.0, 57694.0]","[0.0, 0.0, 0.0, 0.0]"
"[-8.0, 2.0, 1.0, -1.0]","[8154.0, 26553.0, 12752.0, 29229.0]","[57750.0, 57751.0, 57753.0, 57754.0]","[0.0, 0.0, 0.0, 0.0]"
"[-5.0, 0.0, -1.0, 0.0]","[8028.0, 26682.0, 12886.0, 29102.0]","[57810.0, 57811.0, 57813.0, 57814.0]","[0.0, 0.0, 0.0, 0.0]"
"[-3.0, -2.0, -2.0, -2.0]","[7959.0, 26730.0, 12941.0, 29035.0]","[57870.0, 57871.0, 57873.0, 57874.0]","[0.0, 0.0, 0.0, 0.0]"
"[-1.0, 4.0, 0.0, 2.0]","[7941.0, 26747.0, 12959.0, 29017.0]","[57930.0, 57931.0, 57933.0, 57934.0]","[0.0, 0.0, 0.0, 0.0]"
"[3.0, -3.0, 2.0, -4.0]","[7954.0, 26735.0, 12945.0, 29033.0]","[57990.0, 57991.0, 57993.0, 57994.0]","[0.0, 0.0, 0.0, 0.0]"
"[1.0, 1.0, -1.0, -1.0]","[7968.0, 26721.0, 12930.0, 29045.0]","[58050.0, 58051.0, 58053.0, 58054.0]","[0.0, 0.0, 0.0, 0.0]"
"[5.0, 2.0, 4.0, -2.0]","[7965.0, 26726.0, 12936.0, 29041.0]","[58110.0, 58111.0, 58113.0, 58114.0]","[0.0, 0.0, 0.0, 0.0]"
"[-2.0, 4.0, -4.0, 3.0]","[7958.0, 26734.0, 12944.0, 29034.0]","[58170.0, 58171.0, 58173.0, 58174.0]","[0.0, 0.0, 0.0, 0.0]"
"[-2.0, 0.0, -2.0, 0.0]","[7961.0, 26730.0, 12939.0, 29039.0]","[58230.0, 58231.0, 58233.0, 58234.0]","[0.0, 0.0, 0.0, 0.0]"
"[-4.0, -1.0, -3.0, -2.0]","[7966.0, 26726.0, 12935.0, 29043.0]","[58290.0, 58291.0, 58293.0, 58294.0]","[0.0, 0.0, 0.0, 0.0]"
"[-2.0, 2.0, -1.0, -1.0]","[7962.0, 26729.0, 12938.0, 29040.0]","[58350.0, 58351.0, 58353.0, 58354.0]","[0.0, 0.0, 0.0, 0.0]"
"[3.0, -3.0, -3.0, -6.0]","[7962.0, 26730.0, 12939.0, 29040.0]","[58410.0, 58411.0, 58413.0, 58414.0]","[0.0, 0.0, 0.0, 0.0]"
"[3.0, -1.0, -2.0, 0.0]","[7964.0, 26727.0, 12936.0, 29042.0]","[58470.0, 58471.0, 58473.0, 58474.0]","[0.0, 0.0, 0.0, 0.0]"
"[6.0, 0.0, 1.0, -2.0]","[7964.0, 26729.0, 12937.0, 29042.0]","[58530.0, 58531.0, 58533.0, 58534.0]","[0.0, 0.0, 0.0, 0.0]"
"[-4.0, -2.0, 0.0, -2.0]","[7963.0, 26730.0, 12938.0, 29040.0]","[58590.0, 58591.0, 58593.0, 58594.0]","[0.0, 0.0, 0.0, 0.0]"
"[5.0, -1.0, -2.0, 3.0]","[7965.0, 26729.0, 12937.0, 29042.0]","[58650.0, 58651.0, 58653.0, 58654.0]","[0.0, 0.0, 0.0, 0.0]"
"[2.0, 0.0, -4.0, -4.0]","[7965.0, 26729.0, 12938.0, 29042.0]","[58710.0, 58711.0, 58713.0, 58714.0]","[0.0, 0.0, 0.0, 0.0]"
"[-1.0, -2.0, -3.0, 2.0]","[7964.0, 26730.0, 12938.0, 29041.0]","[58770.0, 58771.0, 58773.0, 58774.0]","[0.0, 0.0, 0.0, 0.0]"
"[-1.0, 2.0, 0.0, 0.0]","[7965.0, 26729.0, 12937.0, 29042.0]","[58830.0, 58831.0, 58833.0, 58834.0]","[0.0, 0.0, 0.0, 0.0]"
"[4.0, 2.0, 2.0, 1.0]","[7964.0, 26729.0, 12937.0, 29042.0]","[58890.0, 58891.0, 58893.0, 58894.0]","[0.0, 0.0, 0.0, 0.0]"
"[-4.0, -2.0, 5.0, -1.0]","[7965.0, 26730.0, 12938.0, 29042.0]","[58950.0, 58951.0, 58953.0, 58954.0]","[0.0, 0.0, 0.0, 0.0]"
"[-2.0, -1.0, -4.0, -3.0]","[7965.0, 26729.0, 12937.0, 29042.0]","[59010.0, 59011.0, 59013.0, 59014.0]","[0.0, 0.0, 0.0, 0.0]"
"[3.0, -2.0, 5.0, -3.0]","[7964.0, 26729.0, 12937.0, 29042.0]","[59070.0, 59071.0, 59073.0, 59074.0]","[0.0, 0.0, 0.0, 0.0]"
"[3.0, 0.0, -7.0, -2.0]","[7966.0, 26729.0, 12937.0, 29042.0]","[59130.0, 59131.0, 59133.0, 59134.0]","[0.0, 0.0, 0.0, 0.0]"
"[2.0, -3.0, 7.0, -4.0]","[7965.0, 26729.0, 12937.0, 29042.0]","[59190.0, 59191.0, 59193.0, 59194.0]","[0.0, 0.0, 0.0, 0.0]"
"[-1.0, -1.0, 1.0, 1.0]","[7966.0, 26729.0, 12936.0, 29042.0]","[59250.0, 59251.0, 59253.0, 59254.0]","[0.0, 0.0, 0.0, 0.0]"
"[1.0, 2.0, -4.0, -4.0]","[7964.0, 26729.0, 12937.0, 29042.0]","[59310.0, 59311.0, 59313.0, 59314.0]","[0.0, 0.0, 0.0, 0.0]"
"[-5.0, 11.0, -1.0, -4.0]","[7966.0, 26729.0, 12937.0, 29042.0]","[59370.0, 59371.0, 59373.0, 59374.0]","[0.0, 0.0, 0.0, 0.0]"
"[-1.0, 0.0, 1.0, -8.0]","[7965.0, 26729.0, 12936.0, 29042.0]","[59430.0, 59431.0, 59433.0, 59434.0]","[0.0, 0.0, 0.0, 0.0]"
"[2.0, -2.0, -2.0, 1.0]","[7965.0, 26729.0, 12937.0, 29043.0]","[59490.0, 59491.0, 59493.0, 59494.0]","[0.0, 0.0, 0.0, 0.0]"
"[4.0, 0.0, 0.0, -2.0]","[7966.0, 26728.0, 12937.0, 29043.0]","[59550.0, 59551.0, 59553.0, 59554.0]","[0.0, 0.0, 0.0, 0.0]"
"[-2.0, -4.0, 0.0, -3.0]","[7965.0, 26730.0, 12937.0, 29042.0]","[59610.0, 59611.0, 59613.0, 59614.0]","[0.0, 0.0, 0.0, 0.0]"
"[0.0, -2.0, 0.0, -3.0]","[7965.0, 26730.0, 12937.0, 29043.0]","[59670.0, 59671.0, 59673.0, 59674.0]","[0.0, 0.0, 0.0, 0.0]"
"[2.0, -4.0, -4.0, -2.0]","[7963.0, 26727.0, 12936.0, 29044.0]","[59730.0, 59731.0, 59733.0, 59734.0]","[0.0, 0.0, 0.0, 0.0]"
"[12.0, -15.0, -17.0, 8.0]","[8121.0, 26557.0, 12754.0, 29196.0]","[59790.0, 59791.0, 59793.0, 59794.0]","[0.0, 0.0, 0.0, 0.0]"
"[67.0, -69.0, -58.0, 68.0]","[11387.0, 23095.0, 10434.0, 31607.0]","[59850.0, 59851.0, 59853.0, 59854.0]","[0.0, 0.0, 0.0, 0.0]"
"[75.0, -71.0, -92.0, 69.0]","[15322.0, 18959.0, 6282.0, 3151.0]","[59910.0, 59911.0, 59913.0, 59914.0]","[0.0, 0.0, 0.0, 0.0]"
"[46.0, -36.0, -37.0, 36.0]","[18087.0, 16334.0, 3135.0, 6329.0]","[59970.0, 59971.0, 59973.0, 59974.0]","[0.0, 0.0, 0.0, 0.0]"
"[62.0, -58.0, -52.0, 68.0]","[20450.0, 13943.0, 793.0, 8613.0]","[60030.0, 60031.0, 60033.0, 60034.0]","[0.0, 0.0, 0.0, 0.0]"
"[59.0, -49.0, -38.0, 47.0]","[23767.0, 10801.0, 30365.0, 12032.0]","[60090.0, 60091.0, 60093.0, 60094.0]","[0.0, 0.0, 0.0, 0.0]"
"[30.0, -28.0, -17.0, 37.0]","[25289.0, 8927.0, 28700.0, 13263.0]","[60150.0, 60151.0, 60153.0, 60154.0]","[0.0, 0.0, 0.0, 0.0]"
"[45.0, -38.0, -37.0, 47.0]","[27484.0, 7282.0, 26898.0, 15558.0]","[60210.0, 60211.0, 60213.0, 60214.0]","[0.0, 0.0, 0.0, 0.0]"
"[11.0, -24.0, -19.0, 8.0]","[29164.0, 5739.0, 25399.0, 16955.0]","[60270.0, 60271.0, 60273.0, 60274.0]","[0.0, 0.0, 0.0, 0.0]"
"[24.0, -25.0, -23.0, 27.0]","[30118.0, 4860.0, 24393.0, 17815.0]","[60330.0, 60331.0, 60333.0, 60334.0]","[0.0, 0.0, 0.0, 0.0]"
"[18.0, -23.0, -22.0, 18.0]","[31596.0, 3512.0, 23108.0, 19247.0]","[60390.0, 60391.0, 60393.0, 60394.0]","[0.0, 0.0, 0.0, 0.0]"
"[6.0, -9.0, -50.0, 5.0]","[32350.0, 2837.0, 22425.0, 19896.0]","[60450.0, 60451.0, 60453.0, 60454.0]","[0.0, 0.0, 0.0, 0.0]"
"[10.0, -16.0, -20.0, 23.0]","[12.0, 1984.0, 21759.0, 20539.0]","[60510.0, 60511.0, 60513.0, 60514.0]","[0.0, 0.0, 0.0, 0.0]"
"[6.0, -12.0, -12.0, 27.0]","[753.0, 1329.0, 21058.0, 21179.0]","[60570.0, 60571.0, 60573.0, 60574.0]","[0.0, 0.0, 0.0, 0.0]"
"[137.0, -75.0, -66.0, 57.0]","[3010.0, 32228.0, 19388.0, 22570.0]","[60630.0, 60631.0, 60633.0, 60634.0]","[0.0, 0.0, 0.0, 0.0]"
"[78.0, -64.0, -66.0, 74.0]","[8774.0, 28120.0, 14985.0, 26928.0]","[60690.0, 60691.0, 60693.0, 60694.0]","[0.0, 0.0, 0.0, 0.0]"
"[-4.0, -5.0, -33.0, 48.0]","[11046.0, 26004.0, 12074.0, 29573.0]","[60750.0, 60751.0, 60753.0, 60754.0]","[0.0, 0.0, 0.0, 0.0]"
"[39.0, -52.0, -56.0, 43.0]","[12539.0, 23983.0, 9861.0, 31580.0]","[60810.0, 60811.0, 60813.0, 60814.0]","[0.0, 0.0, 0.0, 0.0]"
"[55.0, -36.0, -45.0, 42.0]","[15415.0, 20873.0, 6681.0, 1952.0]","[60870.0, 60871.0, 60873.0, 60874.0]","[0.0, 0.0, 0.0, 0.0]"
"[19.0, -18.0, -19.0, 9.0]","[16967.0, 19403.0, 4960.0, 3233.0]","[60930.0, 60931.0, 60933.0, 60934.0]","[0.0, 0.0, 0.0, 0.0]"
"[49.0, -46.0, -36.0, 56.0]","[18814.0, 17768.0, 3101.0, 4908.0]","[60990.0, 60991.0, 60993.0, 60994.0]","[0.0, 0.0, 0.0, 0.0]"
"[19.0, 4.0, -10.0, 17.0]","[20987.0, 15998.0, 1042.0, 7007.0]","[61050.0, 61051.0, 61053.0, 61054.0]","[0.0, 0.0, 0.0, 0.0]"
"[21.0, -17.0, -16.0, 21.0]","[21978.0, 15421.0, 315.0, 7684.0]","[61110.0, 61111.0, 61113.0, 61114.0]","[0.0, 0.0, 0.0, 0.0]"
"[25.0, -9.0, -23.0, 19.0]","[23440.0, 14717.0, 32071.0, 8888.0]","[61170.0, 61171.0, 61173.0, 61174.0]","[0.0, 0.0, 0.0, 0.0]"
"[7.0, -11.0, -10.0, 8.0]","[24163.0, 14053.0, 31333.0, 9479.0]","[61230.0, 61231.0, 61233.0, 61234.0]","[0.0, 0.0, 0.0, 0.0]"
"[10.0, -9.0, -13.0, 8.0]","[24565.0, 13524.0, 30807.0, 9943.0]","[61290.0, 61291.0, 61293.0, 61294.0]","[0.0, 0.0, 0.0, 0.0]"
"[15.0, -14.0, -19.0, 15.0]","[25114.0, 12891.0, 30227.0, 10402.0]","[61350.0, 61351.0, 61353.0, 61354.0]","[0.0, 0.0, 0.0, 0.0]"
"[76.0, -76.0, -103.0, 61.0]","[29162.0, 10058.0, 27370.0, 12880.0]","[61410.0, 61411.0, 61413.0, 61414.0]","[0.0, 0.0, 0.0, 0.0]"
"[56.0, -54.0, -57.0, 52.0]","[827.0, 6061.0, 23007.0, 17135.0]","[61470.0, 61471.0, 61473.0, 61474.0]","[0.0, 0.0, 0.0, 0.0]"
"[46.0, -33.0, -38.0, 31.0]","[2619.0, 4901.0, 21076.0, 18966.0]","[61530.0, 61531.0, 61533.0, 61534.0]","[0.0, 0.0, 0.0, 0.0]"
"[53.0, -61.0, -54.0, 54.0]","[4836.0, 2557.0, 18393.0, 21216.0]","[61590.0, 61591.0, 61593.0, 61594.0]","[0.0, 0.0, 0.0, 0.0]"
"[27.0, -21.0, -35.0, 30.0]","[7522.0, 179.0, 15720.0, 23863.0]","[61650.0, 61651.0, 61653.0, 61654.0]","[0.0, 0.0, 0.0, 0.0]"
"[26.0, -18.0, -23.0, 17.0]","[8528.0, 32043.0, 14716.0, 24736.0]","[61710.0, 61711.0, 61713.0, 61714.0]","[0.0, 0.0, 0.0, 0.0]"
"[40.0, -32.0, -38.0, 44.0]","[10479.0, 30202.0, 12507.0, 26844.0]","[61770.0, 61771.0, 61773.0, 61774.0]","[0.0, 0.0, 0.0, 0.0]"
"[13.0, -11.0, -17.0, 22.0]","[12226.0, 28785.0, 11094.0, 28269.0]","[61830.0, 61831.0, 61833.0, 61834.0]","[0.0, 0.0, 0.0, 0.0]"
"[15.0, -17.0, -23.0, 10.0]","[12918.0, 27857.0, 10104.0, 29003.0]","[61890.0, 61891.0, 61893.0, 61894.0]","[0.0, 0.0, 0.0, 0.0]"
"[8.0, -13.0, -7.0, 3.0]","[13661.0, 27159.0, 9389.0, 29553.0]","[61950.0, 61951.0, 61953.0, 61954.0]","[0.0, 0.0, 0.0, 0.0]"
"[6.0, -11.0, -7.0, 3.0]","[13990.0, 26780.0, 9062.0, 29934.0]","[62010.0, 62011.0, 62013.0, 62014.0]","[0.0, 0.0, 0.0, 0.0]"
"[3.0, -15.0, -8.0, 5.0]","[14338.0, 26460.0, 8745.0, 30268.0]","[62070.0, 62071.0, 62073.0, 62074.0]","[0.0, 0.0, 0.0, 0.0]"
"[-93.0, -118.0, -86.0, -61.0]","[10587.0, 22349.0, 4337.0, 26672.0]","[62130.0, 62131.0, 62133.0, 62134.0]","[0.0, 0.0, 0.0, 0.0]"
"[-96.0, -84.0, -97.0, -86.0]","[5966.0, 17289.0, 32202.0, 22013.0]","[62190.0, 62191.0, 62193.0, 62194.0]","[0.0, 0.0, 0.0, 0.0]"
"[-79.0, -74.0, -95.0, -115.0]","[795.0, 12498.0, 27292.0, 16616.0]","[62250.0, 62251.0, 62253.0, 62254.0]","[0.0, 0.0, 0.0, 0.0]"
"[-82.0, -92.0, -122.0, -86.0]","[23011.0, 2063.0, 16784.0, 5827.0]","[62370.0, 62371.0, 62373.0, 62374.0]","[0.0, 0.0, 0.0, 0.0]"
"[-103.0, -92.0, -88.0, -90.0]","[17900.0, 29434.0, 11293.0, 640.0]","[62430.0, 62431.0, 62433.0, 62434.0]","[0.0, 0.0, 0.0, 0.0]"
"[-30.0, -32.0, -45.0, -36.0]","[14957.0, 26514.0, 8307.0, 30540.0]","[62490.0, 62491.0, 62493.0, 62494.0]","[0.0, 0.0, 0.0, 0.0]"
"[-3.0, 27.0, -1.0, -3.0]","[13788.0, 25588.0, 7402.0, 29525.0]","[62550.0, 62551.0, 62553.0, 62554.0]","[0.0, 0.0, 0.0, 0.0]"
"[129.0, -61.0, -38.0, 62.0]","[16564.0, 25408.0, 5611.0, 29934.0]","[62610.0, 62611.0, 62613.0, 62614.0]","[0.0, 0.0, 0.0, 0.0]"
"[54.0, -52.0, -49.0, 59.0]","[20926.0, 22002.0, 2689.0, 3242.0]","[62670.0, 62671.0, 62673.0, 62674.0]","[0.0, 0.0, 0.0, 0.0]"
"[31.0, -20.0, -32.0, 20.0]","[23416.0, 20007.0, 1221.0, 5074.0]","[62730.0, 62731.0, 62733.0, 62734.0]","[0.0, 0.0, 0.0, 0.0]"
"[68.0, -47.0, -60.0, 50.0]","[25147.0, 18515.0, 32422.0, 6655.0]","[62790.0, 62791.0, 62793.0, 62794.0]","[0.0, 0.0, 0.0, 0.0]"
"[41.0, -45.0, -24.0, 41.0]","[27972.0, 15548.0, 29685.0, 9787.0]","[62850.0, 62851.0, 62853.0, 62854.0]","[0.0, 0.0, 0.0, 0.0]"
"[23.0, -15.0, -17.0, 30.0]","[28757.0, 14653.0, 29065.0, 10901.0]","[62910.0, 62911.0, 62913.0, 62914.0]","[0.0, 0.0, 0.0, 0.0]"
"[46.0, -41.0, -50.0, 50.0]","[30369.0, 12834.0, 27344.0, 13417.0]","[62970.0, 62971.0, 62973.0, 62974.0]","[0.0, 0.0, 0.0, 0.0]"
"[20.0, -4.0, -13.0, 12.0]","[32029.0, 11266.0, 25990.0, 15236.0]","[63030.0, 63031.0, 63033.0, 63034.0]","[0.0, 0.0, 0.0, 0.0]"
"[10.0, -43.0, -24.0, 26.0]","[52.0, 10430.0, 25279.0, 15924.0]","[63090.0, 63091.0, 63093.0, 63094.0]","[0.0, 0.0, 0.0, 0.0]"
"[22.0, -23.0, -19.0, 37.0]","[1081.0, 8212.0, 23912.0, 17808.0]","[63150.0, 63151.0, 63153.0, 63154.0]","[0.0, 0.0, 0.0, 0.0]"
"[2.0, -9.0, -1.0, 10.0]","[1882.0, 7589.0, 23218.0, 18595.0]","[63210.0, 63211.0, 63213.0, 63214.0]","[0.0, 0.0, 0.0, 0.0]"
"[9.0, -14.0, -7.0, 17.0]","[2095.0, 6728.0, 22712.0, 19088.0]","[63270.0, 63271.0, 63273.0, 63274.0]","[0.0, 0.0, 0.0, 0.0]"
"[11.0, -2.0, -4.0, 6.0]","[2850.0, 6065.0, 22294.0, 19953.0]","[63330.0, 63331.0, 63333.0, 63334.0]","[0.0, 0.0, 0.0, 0.0]"
"[9.0, -6.0, -3.0, 3.0]","[3254.0, 5702.0, 21957.0, 20375.0]","[63390.0, 63391.0, 63393.0, 63394.0]","[0.0, 0.0, 0.0, 0.0]"
"[0.0, 3.0, -3.0, 2.0]","[3456.0, 5515.0, 21744.0, 20617.0]","[63450.0, 63451.0, 63453.0, 63454.0]","[0.0, 0.0, 0.0, 0.0]"
"[94.0, -44.0, -41.0, 23.0]","[4820.0, 5027.0, 20971.0, 20990.0]","[63510.0, 63511.0, 63513.0, 63514.0]","[0.0, 0.0, 0.0, 0.0]"
"[73.0, -76.0, -78.0, 77.0]","[9750.0, 1857.0, 17615.0, 24258.0]","[63570.0, 63571.0, 63573.0, 63574.0]","[0.0, 0.0, 0.0, 0.0]"
"[43.0, -44.0, -42.0, 49.0]","[13644.0, 31264.0, 13835.0, 28036.0]","[63630.0, 63631.0, 63633.0, 63634.0]","[0.0, 0.0, 0.0, 0.0]"
"[40.0, -34.0, -40.0, 40.0]","[15362.0, 29389.0, 12010.0, 29716.0]","[63690.0, 63691.0, 63693.0, 63694.0]","[0.0, 0.0, 0.0, 0.0]"
"[46.0, -58.0, -38.0, 74.0]","[18513.0, 26480.0, 9000.0, 231.0]","[63750.0, 63751.0, 63753.0, 63754.0]","[0.0, 0.0, 0.0, 0.0]"
"[19.0, -17.0, -29.0, 11.0]","[20274.0, 24291.0, 6943.0, 2059.0]","[63810.0, 63811.0, 63813.0, 63814.0]","[0.0, 0.0, 0.0, 0.0]"
"[41.0, -32.0, -33.0, 30.0]","[21632.0, 23255.0, 5419.0, 3360.0]","[63870.0, 63871.0, 63873.0, 63874.0]","[0.0, 0.0, 0.0, 0.0]"
"[32.0, -32.0, -20.0, 29.0]","[23915.0, 20956.0, 3077.0, 5845.0]","[63930.0, 63931.0, 63933.0, 63934.0]","[0.0, 0.0, 0.0, 0.0]"
"[12.0, -13.0, -8.0, 9.0]","[24866.0, 20267.0, 2496.0, 6562.0]","[63990.0, 63991.0, 63993.0, 63994.0]","[0.0, 0.0, 0.0, 0.0]"
"[8.0, -39.0, -25.0, 19.0]","[25422.0, 19085.0, 1634.0, 7336.0]","[64050.0, 64051.0, 64053.0, 64054.0]","[0.0, 0.0, 0.0, 0.0]"
"[14.0, -17.0, -14.0, 20.0]","[26233.0, 17624.0, 854.0, 8769.0]","[64110.0, 64111.0, 64113.0, 64114.0]","[0.0, 0.0, 0.0, 0.0]"
"[10.0, -6.0, -4.0, 6.0]","[26730.0, 17080.0, 278.0, 9264.0]","[64170.0, 64171.0, 64173.0, 64174.0]","[0.0, 0.0, 0.0, 0.0]"
"[13.0, -14.0, -17.0, 8.0]","[27381.0, 16456.0, 32463.0, 9887.0]","[64230.0, 64231.0, 64233.0, 64234.0]","[0.0, 0.0, 0.0, 0.0]"
"[47.0, -35.0, -34.0, 23.0]","[28271.0, 15731.0, 31449.0, 10610.0]","[64290.0, 64291.0, 64293.0, 64294.0]","[0.0, 0.0, 0.0, 0.0]"
"[87.0, -69.0, -89.0, 72.0]","[32737.0, 12454.0, 28360.0, 13732.0]","[64350.0, 64351.0, 64353.0, 64354.0]","[0.0, 0.0, 0.0, 0.0]"
"[54.0, -31.0, -45.0, 17.0]","[3847.0, 9030.0, 24526.0, 17301.0]","[64410.0, 64411.0, 64413.0, 64414.0]","[0.0, 0.0, 0.0, 0.0]"
"[33.0, -44.0, -34.0, 28.0]","[5376.0, 7356.0, 22908.0, 18276.0]","[64470.0, 64471.0, 64473.0, 64474.0]","[0.0, 0.0, 0.0, 0.0]"
"[59.0, -59.0, -63.0, 69.0]","[8274.0, 4166.0, 19849.0, 21384.0]","[64530.0, 64531.0, 64533.0, 64534.0]","[0.0, 0.0, 0.0, 0.0]"
"[17.0, -20.0, -20.0, 23.0]","[10115.0, 2134.0, 18035.0, 23271.0]","[64590.0, 64591.0, 64593.0, 64594.0]","[0.0, 0.0, 0.0, 0.0]"
"[4.0, -33.0, -49.0, 40.0]","[11116.0, 924.0, 16751.0, 24396.0]","[64650.0, 64651.0, 64653.0, 64654.0]","[0.0, 0.0, 0.0, 0.0]"
"[45.0, -23.0, -35.0, 36.0]","[13372.0, 31290.0, 14275.0, 27438.0]","[64710.0, 64711.0, 64713.0, 64714.0]","[0.0, 0.0, 0.0, 0.0]"
"[13.0, -24.0, -21.0, 7.0]","[14454.0, 30456.0, 13360.0, 28379.0]","[64770.0, 64771.0, 64773.0, 64774.0]","[0.0, 0.0, 0.0, 0.0]"
"[15.0, -16.0, -21.0, 17.0]","[15285.0, 29470.0, 12413.0, 29360.0]","[64830.0, 64831.0, 64833.0, 64834.0]","[0.0, 0.0, 0.0, 0.0]"
"[8.0, -20.0, -10.0, 7.0]","[15968.0, 28812.0, 11661.0, 29966.0]","[64890.0, 64891.0, 64893.0, 64894.0]","[0.0, 0.0, 0.0, 0.0]"
"[7.0, -12.0, -9.0, 13.0]","[16413.0, 28274.0, 11193.0, 30428.0]","[64950.0, 64951.0, 64953.0, 64954.0]","[0.0, 0.0, 0.0, 0.0]"
"[5.0, -71.0, -64.0, -60.0]","[16948.0, 27675.0, 10446.0, 30730.0]","[65010.0, 65011.0, 65013.0, 65014.0]","[0.0, 0.0, 0.0, 0.0]"
"[-72.0, -106.0, -77.0, -74.0]","[12440.0, 22886.0, 5302.0, 26617.0]","[65070.0, 65071.0, 65073.0, 65074.0]","[0.0, 0.0, 0.0, 0.0]"
"[-74.0, -85.0, -90.0, -86.0]","[7943.0, 18188.0, 453.0, 21748.0]","[65130.0, 65131.0, 65133.0, 65134.0]","[0.0, 0.0, 0.0, 0.0]"
"[-118.0, -102.0, -90.0, -91.0]","[2461.0, 13367.0, 28558.0, 16269.0]","[65190.0, 65191.0, 65193.0, 65194.0]","[0.0, 0.0, 0.0, 0.0]"
"[-108.0, -84.0, -100.0, -106.0]","[29785.0, 8130.0, 23662.0, 11040.0]","[65250.0, 65251.0, 65253.0, 65254.0]","[0.0, 0.0, 0.0, 0.0]"
"[-97.0, -122.0, -103.0, -89.0]","[24666.0, 2750.0, 18158.0, 5759.0]","[65310.0, 65311.0, 65313.0, 65314.0]","[0.0, 0.0, 0.0, 0.0]"
"[-57.0, -62.0, -75.0, -77.0]","[19745.0, 30242.0, 12744.0, 667.0]","[65370.0, 65371.0, 65373.0, 65374.0]","[0.0, 0.0, 0.0, 0.0]"
"[-30.0, -31.0, -29.0, -30.0]","[17390.0, 27941.0, 10220.0, 30939.0]","[65430.0, 65431.0, 65433.0, 65434.0]","[0.0, 0.0, 0.0, 0.0]"
"[39.0, 28.0, -38.0, -1.0]","[16894.0, 27800.0, 9330.0, 30169.0]","[65490.0, 65491.0, 65493.0, 65494.0]","[0.0, 0.0, 0.0, 0.0]"
"[46.0, -118.0, -70.0, 85.0]","[19782.0, 26908.0, 5726.0, 30929.0]","[65550.0, 65551.0, 65553.0, 65554.0]","[0.0, 0.0, 0.0, 0.0]"
"[52.0, -60.0, -48.0, 59.0]","[22987.0, 21411.0, 2210.0, 4391.0]","[65610.0, 65611.0, 65613.0, 65614.0]","[0.0, 0.0, 0.0, 0.0]"
"[26.0, -14.0, -27.0, 18.0]","[25253.0, 19620.0, 519.0, 6509.0]","[65670.0, 65671.0, 65673.0, 65674.0]","[0.0, 0.0, 0.0, 0.0]"
"[54.0, -39.0, -43.0, 41.0]","[27033.0, 18255.0, 31182.0, 7872.0]","[65730.0, 65731.0, 65733.0, 65734.0]","[0.0, 0.0, 0.0, 0.0]"
"[31.0, -39.0, -35.0, 26.0]","[29577.0, 15746.0, 28527.0, 10437.0]","[65790.0, 65791.0, 65793.0, 65794.0]","[0.0, 0.0, 0.0, 0.0]"
"[13.0, -17.0, -15.0, 11.0]","[30471.0, 14857.0, 27696.0, 11326.0]","[65850.0, 65851.0, 65853.0, 65854.0]","[0.0, 0.0, 0.0, 0.0]"
"[43.0, -40.0, -47.0, 50.0]","[32265.0, 12575.0, 25788.0, 13377.0]","[65910.0, 65911.0, 65913.0, 65914.0]","[0.0, 0.0, 0.0, 0.0]"
"[18.0, -6.0, -4.0, 26.0]","[1003.0, 11015.0, 24245.0, 14938.0]","[65970.0, 65971.0, 65973.0, 65974.0]","[0.0, 0.0, 0.0, 0.0]"
"[3.0, -27.0, -27.0, 19.0]","[1669.0, 10238.0, 23543.0, 15685.0]","[66030.0, 66031.0, 66033.0, 66034.0]","[0.0, 0.0, 0.0, 0.0]"
"[26.0, -25.0, -17.0, 36.0]","[2726.0, 8103.0, 22114.0, 17546.0]","[66090.0, 66091.0, 66093.0, 66094.0]","[0.0, 0.0, 0.0, 0.0]"
"[1.0, -17.0, -10.0, -2.0]","[3367.0, 7423.0, 21501.0, 18269.0]","[66150.0, 66151.0, 66153.0, 66154.0]","[0.0, 0.0, 0.0, 0.0]"
"[13.0, -16.0, -7.0, 18.0]","[3768.0, 6484.0, 20888.0, 18970.0]","[66210.0, 66211.0, 66213.0, 66214.0]","[0.0, 0.0, 0.0, 0.0]"
"[11.0, 0.0, -5.0, 1.0]","[4955.0, 5417.0, 19943.0, 20317.0]","[66330.0, 66331.0, 66333.0, 66334.0]","[0.0, 0.0, 0.0, 0.0]"
"[10.0, -10.0, -7.0, 1.0]","[5434.0, 4973.0, 19641.0, 20916.0]","[66390.0, 66391.0, 66393.0, 66394.0]","[0.0, 0.0, 0.0, 0.0]"
"[44.0, -30.0, -28.0, 19.0]","[6367.0, 4395.0, 18885.0, 21501.0]","[66450.0, 66451.0, 66453.0, 66454.0]","[0.0, 0.0, 0.0, 0.0]"
"[67.0, -66.0, -74.0, 99.0]","[11434.0, 1091.0, 15767.0, 24576.0]","[66510.0, 66511.0, 66513.0, 66514.0]","[0.0, 0.0, 0.0, 0.0]"
"[25.0, -46.0, -12.0, 33.0]","[15007.0, 29999.0, 12283.0, 29258.0]","[66570.0, 66571.0, 66573.0, 66574.0]","[0.0, 0.0, 0.0, 0.0]"
"[19.0, -34.0, -36.0, 35.0]","[16247.0, 28716.0, 11346.0, 30664.0]","[66630.0, 66631.0, 66633.0, 66634.0]","[0.0, 0.0, 0.0, 0.0]"
"[61.0, -58.0, -61.0, 62.0]","[18989.0, 25653.0, 8596.0, 956.0]","[66690.0, 66691.0, 66693.0, 66694.0]","[0.0, 0.0, 0.0, 0.0]"
"[27.0, -14.0, -26.0, 23.0]","[20692.0, 23290.0, 6456.0, 3353.0]","[66750.0, 66751.0, 66753.0, 66754.0]","[0.0, 0.0, 0.0, 0.0]"
"[18.0, -35.0, -38.0, 27.0]","[22074.0, 21935.0, 4857.0, 4507.0]","[66810.0, 66811.0, 66813.0, 66814.0]","[0.0, 0.0, 0.0, 0.0]"
"[33.0, -45.0, -30.0, 37.0]","[23748.0, 19458.0, 2864.0, 6665.0]","[66870.0, 66871.0, 66873.0, 66874.0]","[0.0, 0.0, 0.0, 0.0]"
"[15.0, -8.0, 0.0, 11.0]","[24618.0, 18668.0, 2137.0, 7483.0]","[66930.0, 66931.0, 66933.0, 66934.0]","[0.0, 0.0, 0.0, 0.0]"
"[18.0, -25.0, -20.0, 17.0]","[25377.0, 17984.0, 1497.0, 8290.0]","[66990.0, 66991.0, 66993.0, 66994.0]","[0.0, 0.0, 0.0, 0.0]"
"[12.0, -6.0, -13.0, 11.0]","[26304.0, 16883.0, 400.0, 9160.0]","[67050.0, 67051.0, 67053.0, 67054.0]","[0.0, 0.0, 0.0, 0.0]"
"[9.0, -11.0, -11.0, 4.0]","[26770.0, 16412.0, 32682.0, 9605.0]","[67110.0, 67111.0, 67113.0, 67114.0]","[0.0, 0.0, 0.0, 0.0]"
"[17.0, -17.0, -25.0, 12.0]","[27537.0, 15718.0, 31883.0, 10294.0]","[67170.0, 67171.0, 67173.0, 67174.0]","[0.0, 0.0, 0.0, 0.0]"
"[56.0, -21.0, -47.0, 26.0]","[28702.0, 14898.0, 30758.0, 11124.0]","[67230.0, 67231.0, 67233.0, 67234.0]","[0.0, 0.0, 0.0, 0.0]"
"[71.0, -83.0, -87.0, 68.0]","[1520.0, 11814.0, 27131.0, 13997.0]","[67290.0, 67291.0, 67293.0, 67294.0]","[0.0, 0.0, 0.0, 0.0]"
"[26.0, -20.0, -34.0, 12.0]","[5224.0, 8442.0, 23390.0, 17726.0]","[67350.0, 67351.0, 67353.0, 67354.0]","[0.0, 0.0, 0.0, 0.0]"
"[40.0, -36.0, -34.0, 47.0]","[6778.0, 6369.0, 21798.0, 19089.0]","[67410.0, 67411.0, 67413.0, 67414.0]","[0.0, 0.0, 0.0, 0.0]"
"[55.0, -52.0, -56.0, 45.0]","[9595.0, 3984.0, 19154.0, 21777.0]","[67470.0, 67471.0, 67473.0, 67474.0]","[0.0, 0.0, 0.0, 0.0]"
"[20.0, -20.0, -20.0, 20.0]","[11837.0, 1948.0, 17094.0, 23444.0]","[67530.0, 67531.0, 67533.0, 67534.0]","[0.0, 0.0, 0.0, 0.0]"
"[48.0, -36.0, -34.0, 30.0]","[13148.0, 893.0, 15830.0, 24583.0]","[67590.0, 67591.0, 67593.0, 67594.0]","[0.0, 0.0, 0.0, 0.0]"
"[33.0, -28.0, -26.0, 25.0]","[15307.0, 31455.0, 13503.0, 26740.0]","[67650.0, 67651.0, 67653.0, 67654.0]","[0.0, 0.0, 0.0, 0.0]"
"[11.0, -2.0, -16.0, 7.0]","[16618.0, 30939.0, 12736.0, 27641.0]","[67710.0, 67711.0, 67713.0, 67714.0]","[0.0, 0.0, 0.0, 0.0]"
"[14.0, -27.0, -26.0, 11.0]","[17274.0, 29829.0, 11284.0, 27962.0]","[67770.0, 67771.0, 67773.0, 67774.0]","[0.0, 0.0, 0.0, 0.0]"
"[15.0, -7.0, -9.0, 7.0]","[18298.0, 28983.0, 10351.0, 28930.0]","[67830.0, 67831.0, 67833.0, 67834.0]","[0.0, 0.0, 0.0, 0.0]"
"[12.0, -4.0, -11.0, 11.0]","[18866.0, 28508.0, 9884.0, 29468.0]","[67890.0, 67891.0, 67893.0, 67894.0]","[0.0, 0.0, 0.0, 0.0]"
"[-8.0, -68.0, -52.0, -54.0]","[19468.0, 27975.0, 9193.0, 29801.0]","[67950.0, 67951.0, 67953.0, 67954.0]","[0.0, 0.0, 0.0, 0.0]"
"[-71.0, -113.0, -100.0, -91.0]","[15161.0, 22809.0, 3474.0, 25125.0]","[68010.0, 68011.0, 68013.0, 68014.0]","[0.0, 0.0, 0.0, 0.0]"
"[-85.0, -87.0, -85.0, -115.0]","[10491.0, 18191.0, 31310.0, 20281.0]","[68070.0, 68071.0, 68073.0, 68074.0]","[0.0, 0.0, 0.0, 0.0]"
"[-102.0, -103.0, -79.0, -104.0]","[5294.0, 13244.0, 26634.0, 14806.0]","[68130.0, 68131.0, 68133.0, 68134.0]","[0.0, 0.0, 0.0, 0.0]"
"[-91.0, -86.0, -91.0, -103.0]","[32464.0, 8058.0, 21658.0, 9620.0]","[68190.0, 68191.0, 68193.0, 68194.0]","[0.0, 0.0, 0.0, 0.0]"
"[-110.0, -121.0, -83.0, -92.0]","[27344.0, 2497.0, 16136.0, 4336.0]","[68250.0, 68251.0, 68253.0, 68254.0]","[0.0, 0.0, 0.0, 0.0]"
"[-80.0, -61.0, -80.0, -71.0]","[22443.0, 30174.0, 10776.0, 31991.0]","[68310.0, 68311.0, 68313.0, 68314.0]","[0.0, 0.0, 0.0, 0.0]"
"[-37.0, -31.0, -36.0, -24.0]","[20007.0, 27889.0, 8274.0, 29530.0]","[68370.0, 68371.0, 68373.0, 68374.0]","[0.0, 0.0, 0.0, 0.0]"
"[3.0, 36.0, -24.0, -12.0]","[19143.0, 28022.0, 7722.0, 28573.0]","[68430.0, 68431.0, 68433.0, 68434.0]","[0.0, 0.0, 0.0, 0.0]"
"[126.0, -78.0, -38.0, 88.0]","[22865.0, 28281.0, 5263.0, 28615.0]","[68490.0, 68491.0, 68493.0, 68494.0]","[0.0, 0.0, 0.0, 0.0]"
"[46.0, -55.0, -48.0, 66.0]","[26618.0, 22495.0, 2345.0, 2891.0]","[68550.0, 68551.0, 68553.0, 68554.0]","[0.0, 0.0, 0.0, 0.0]"
"[16.0, -22.0, -24.0, 25.0]","[29235.0, 20673.0, 446.0, 5259.0]","[68610.0, 68611.0, 68613.0, 68614.0]","[0.0, 0.0, 0.0, 0.0]"
"[57.0, -53.0, -51.0, 43.0]","[31371.0, 19231.0, 31587.0, 6615.0]","[68670.0, 68671.0, 68673.0, 68674.0]","[0.0, 0.0, 0.0, 0.0]"
"[36.0, -35.0, -33.0, 48.0]","[1158.0, 16532.0, 29030.0, 9290.0]","[68730.0, 68731.0, 68733.0, 68734.0]","[0.0, 0.0, 0.0, 0.0]"
"[16.0, -16.0, -18.0, 12.0]","[2116.0, 15259.0, 28128.0, 10365.0]","[68790.0, 68791.0, 68793.0, 68794.0]","[0.0, 0.0, 0.0, 0.0]"
"[43.0, -42.0, -34.0, 45.0]","[3738.0, 13660.0, 26433.0, 12425.0]","[68850.0, 68851.0, 68853.0, 68854.0]","[0.0, 0.0, 0.0, 0.0]"
"[7.0, -18.0, -17.0, 13.0]","[4958.0, 11944.0, 25081.0, 14214.0]","[68910.0, 68911.0, 68913.0, 68914.0]","[0.0, 0.0, 0.0, 0.0]"
"[20.0, -41.0, -14.0, 27.0]","[5241.0, 11254.0, 24567.0, 14786.0]","[68970.0, 68971.0, 68973.0, 68974.0]","[0.0, 0.0, 0.0, 0.0]"
"[22.0, -35.0, -30.0, 37.0]","[6749.0, 8893.0, 23035.0, 16656.0]","[69030.0, 69031.0, 69033.0, 69034.0]","[0.0, 0.0, 0.0, 0.0]"
"[-3.0, -12.0, -8.0, 4.0]","[6429.0, 7983.0, 22268.0, 17303.0]","[69090.0, 69091.0, 69093.0, 69094.0]","[0.0, 0.0, 0.0, 0.0]"
"[30.0, -15.0, -20.0, 21.0]","[7193.0, 7408.0, 21744.0, 18324.0]","[69150.0, 69151.0, 69153.0, 69154.0]","[0.0, 0.0, 0.0, 0.0]"
"[9.0, -15.0, -7.0, 8.0]","[8206.0, 6544.0, 20810.0, 19187.0]","[69210.0, 69211.0, 69213.0, 69214.0]","[0.0, 0.0, 0.0, 0.0]"
"[10.0, -5.0, -11.0, 2.0]","[8578.0, 6042.0, 20442.0, 19505.0]","[69270.0, 69271.0, 69273.0, 69274.0]","[0.0, 0.0, 0.0, 0.0]"
"[7.0, -6.0, -4.0, 3.0]","[8931.0, 5627.0, 20017.0, 19850.0]","[69330.0, 69331.0, 69333.0, 69334.0]","[0.0, 0.0, 0.0, 0.0]"
"[2.0, -6.0, -6.0, -4.0]","[9181.0, 5393.0, 19748.0, 20121.0]","[69390.0, 69391.0, 69393.0, 69394.0]","[0.0, 0.0, 0.0, 0.0]"
"[1.0, -5.0, -2.0, 2.0]","[9301.0, 5264.0, 19638.0, 20268.0]","[69450.0, 69451.0, 69453.0, 69454.0]","[0.0, 0.0, 0.0, 0.0]"
"[115.0, -65.0, -60.0, 52.0]","[13606.0, 4029.0, 17555.0, 21230.0]","[69570.0, 69571.0, 69573.0, 69574.0]","[0.0, 0.0, 0.0, 0.0]"
"[66.0, -69.0, -63.0, 105.0]","[17738.0, 32763.0, 13925.0, 26205.0]","[69630.0, 69631.0, 69633.0, 69634.0]","[0.0, 0.0, 0.0, 0.0]"
"[5.0, -22.0, -30.0, 28.0]","[19618.0, 30562.0, 11561.0, 29018.0]","[69690.0, 69691.0, 69693.0, 69694.0]","[0.0, 0.0, 0.0, 0.0]"
"[67.0, -75.0, -51.0, 56.0]","[21631.0, 28327.0, 9503.0, 31156.0]","[69750.0, 69751.0, 69753.0, 69754.0]","[0.0, 0.0, 0.0, 0.0]"
"[27.0, -53.0, -34.0, 42.0]","[24397.0, 24948.0, 6666.0, 1486.0]","[69810.0, 69811.0, 69813.0, 69814.0]","[0.0, 0.0, 0.0, 0.0]"
"[11.0, -19.0, -16.0, 6.0]","[25408.0, 23625.0, 5508.0, 2770.0]","[69870.0, 69871.0, 69873.0, 69874.0]","[0.0, 0.0, 0.0, 0.0]"
"[52.0, -48.0, -53.0, 41.0]","[27180.0, 21533.0, 3778.0, 4640.0]","[69930.0, 69931.0, 69933.0, 69934.0]","[0.0, 0.0, 0.0, 0.0]"
"[4.0, -16.0, -8.0, 20.0]","[29008.0, 19682.0, 2198.0, 6281.0]","[69990.0, 69991.0, 69993.0, 69994.0]","[0.0, 0.0, 0.0, 0.0]"
"[19.0, -9.0, -15.0, 20.0]","[29410.0, 18814.0, 1813.0, 7210.0]","[70050.0, 70051.0, 70053.0, 70054.0]","[0.0, 0.0, 0.0, 0.0]"
"[16.0, -23.0, -19.0, 15.0]","[30659.0, 17910.0, 686.0, 8210.0]","[70110.0, 70111.0, 70113.0, 70114.0]","[0.0, 0.0, 0.0, 0.0]"
"[4.0, -9.0, -10.0, 2.0]","[31266.0, 17088.0, 32672.0, 8737.0]","[70170.0, 70171.0, 70173.0, 70174.0]","[0.0, 0.0, 0.0, 0.0]"
"[10.0, -11.0, -12.0, 16.0]","[31614.0, 16681.0, 32288.0, 9194.0]","[70230.0, 70231.0, 70233.0, 70234.0]","[0.0, 0.0, 0.0, 0.0]"
"[9.0, -6.0, -10.0, 8.0]","[32054.0, 16240.0, 31747.0, 9595.0]","[70290.0, 70291.0, 70293.0, 70294.0]","[0.0, 0.0, 0.0, 0.0]"
"[9.0, -2.0, -12.0, 1.0]","[32361.0, 16048.0, 31420.0, 9824.0]","[70350.0, 70351.0, 70353.0, 70354.0]","[0.0, 0.0, 0.0, 0.0]"
"[135.0, -51.0, -72.0, 59.0]","[2718.0, 14721.0, 29508.0, 10735.0]","[70410.0, 70411.0, 70413.0, 70414.0]","[0.0, 0.0, 0.0, 0.0]"
"[75.0, -78.0, -64.0, 75.0]","[7278.0, 11030.0, 25715.0, 14953.0]","[70470.0, 70471.0, 70473.0, 70474.0]","[0.0, 0.0, 0.0, 0.0]"
"[27.0, -8.0, -26.0, 20.0]","[9641.0, 9150.0, 23339.0, 17194.0]","[70530.0, 70531.0, 70533.0, 70534.0]","[0.0, 0.0, 0.0, 0.0]"
"[49.0, -61.0, -52.0, 52.0]","[11527.0, 7325.0, 21454.0, 19048.0]","[70590.0, 70591.0, 70593.0, 70594.0]","[0.0, 0.0, 0.0, 0.0]"
"[27.0, -26.0, -33.0, 34.0]","[14425.0, 4422.0, 18415.0, 22098.0]","[70650.0, 70651.0, 70653.0, 70654.0]","[0.0, 0.0, 0.0, 0.0]"
"[13.0, -14.0, -38.0, 9.0]","[15857.0, 3419.0, 17260.0, 23229.0]","[70710.0, 70711.0, 70713.0, 70714.0]","[0.0, 0.0, 0.0, 0.0]"
"[26.0, -42.0, -45.0, 38.0]","[17332.0, 1198.0, 15594.0, 24548.0]","[70770.0, 70771.0, 70773.0, 70774.0]","[0.0, 0.0, 0.0, 0.0]"
"[15.0, -18.0, -14.0, 24.0]","[18891.0, 32216.0, 13932.0, 26167.0]","[70830.0, 70831.0, 70833.0, 70834.0]","[0.0, 0.0, 0.0, 0.0]"
"[22.0, -14.0, -13.0, 15.0]","[19463.0, 31711.0, 13316.0, 26576.0]","[70890.0, 70891.0, 70893.0, 70894.0]","[0.0, 0.0, 0.0, 0.0]"
"[23.0, -21.0, -13.0, 23.0]","[20711.0, 30725.0, 12437.0, 27948.0]","[70950.0, 70951.0, 70953.0, 70954.0]","[0.0, 0.0, 0.0, 0.0]"
"[12.0, -7.0, -11.0, 9.0]","[21333.0, 30047.0, 11757.0, 28514.0]","[71010.0, 71011.0, 71013.0, 71014.0]","[0.0, 0.0, 0.0, 0.0]"
"[12.0, -6.0, -11.0, 8.0]","[21790.0, 29613.0, 11288.0, 28928.0]","[71070.0, 71071.0, 71073.0, 71074.0]","[0.0, 0.0, 0.0, 0.0]"
"[5.0, -3.0, -6.0, -1.0]","[22094.0, 29245.0, 10905.0, 29230.0]","[71130.0, 71131.0, 71133.0, 71134.0]","[0.0, 0.0, 0.0, 0.0]"
"[2.0, -28.0, 32.0, 3.0]","[22328.0, 28987.0, 10574.0, 29460.0]","[71190.0, 71191.0, 71193.0, 71194.0]","[0.0, 0.0, 0.0, 0.0]"
"[-80.0, -80.0, -85.0, -98.0]","[19733.0, 26465.0, 6966.0, 26233.0]","[71250.0, 71251.0, 71253.0, 71254.0]","[0.0, 0.0, 0.0, 0.0]"
"[-77.0, -74.0, -73.0, -91.0]","[14772.0, 21757.0, 2191.0, 21288.0]","[71310.0, 71311.0, 71313.0, 71314.0]","[0.0, 0.0, 0.0, 0.0]"
"[-90.0, -95.0, -85.0, -82.0]","[9739.0, 16816.0, 30115.0, 15979.0]","[71370.0, 71371.0, 71373.0, 71374.0]","[0.0, 0.0, 0.0, 0.0]"
"[-78.0, -100.0, -114.0, -102.0]","[4444.0, 11667.0, 25047.0, 10748.0]","[71430.0, 71431.0, 71433.0, 71434.0]","[0.0, 0.0, 0.0, 0.0]"
"[-107.0, -102.0, -90.0, -82.0]","[32003.0, 6247.0, 19732.0, 5504.0]","[71490.0, 71491.0, 71493.0, 71494.0]","[0.0, 0.0, 0.0, 0.0]"
"[-82.0, -80.0, -114.0, -109.0]","[26719.0, 875.0, 14213.0, 135.0]","[71550.0, 71551.0, 71553.0, 71554.0]","[0.0, 0.0, 0.0, 0.0]"
"[-28.0, -31.0, -34.0, -37.0]","[23160.0, 30091.0, 10685.0, 29428.0]","[71610.0, 71611.0, 71613.0, 71614.0]","[0.0, 0.0, 0.0, 0.0]"
"[-22.0, -18.0, -11.0, -19.0]","[21450.0, 28657.0, 9147.0, 27712.0]","[71670.0, 71671.0, 71673.0, 71674.0]","[0.0, 0.0, 0.0, 0.0]"
"[1.0, 1.0, 5.0, -1.0]","[20991.0, 28383.0, 8949.0, 27403.0]","[71730.0, 71731.0, 71733.0, 71734.0]","[0.0, 0.0, 0.0, 0.0]"
"[-3.0, 1.0, -2.0, -1.0]","[20935.0, 28428.0, 8992.0, 27345.0]","[71790.0, 71791.0, 71793.0, 71794.0]","[0.0, 0.0, 0.0, 0.0]"
"[2.0, 1.0, 4.0, 3.0]","[20945.0, 28417.0, 8979.0, 27365.0]","[71850.0, 71851.0, 71853.0, 71854.0]","[0.0, 0.0, 0.0, 0.0]"
"[2.0, -1.0, -3.0, 4.0]","[20995.0, 28361.0, 8926.0, 27420.0]","[71910.0, 71911.0, 71913.0, 71914.0]","[0.0, 0.0, 0.0, 0.0]"
"[2.0, -3.0, -2.0, 0.0]","[21050.0, 28308.0, 8874.0, 27479.0]","[71970.0, 71971.0, 71973.0, 71974.0]","[0.0, 0.0, 0.0, 0.0]"
"[5.0, -3.0, -5.0, 2.0]","[21085.0, 28270.0, 8837.0, 27514.0]","[72030.0, 72031.0, 72033.0, 72034.0]","[0.0, 0.0, 0.0, 0.0]"
"[5.0, 5.0, -2.0, 4.0]","[21099.0, 28257.0, 8821.0, 27527.0]","[72090.0, 72091.0, 72093.0, 72094.0]","[0.0, 0.0, 0.0, 0.0]"
"[2.0, 2.0, 0.0, -3.0]","[21079.0, 28272.0, 8839.0, 27507.0]","[72150.0, 72151.0, 72153.0, 72154.0]","[0.0, 0.0, 0.0, 0.0]"
"[0.0, -1.0, 0.0, -4.0]","[21058.0, 28296.0, 8864.0, 27488.0]","[72210.0, 72211.0, 72213.0, 72214.0]","[0.0, 0.0, 0.0, 0.0]"
"[3.0, 0.0, 1.0, -3.0]","[21057.0, 28296.0, 8863.0, 27489.0]","[72270.0, 72271.0, 72273.0, 72274.0]","[0.0, 0.0, 0.0, 0.0]"
"[3.0, -4.0, -2.0, -3.0]","[21067.0, 28288.0, 8854.0, 27499.0]","[72330.0, 72331.0, 72333.0, 72334.0]","[0.0, 0.0, 0.0, 0.0]"
"[2.0, -3.0, 2.0, -8.0]","[21066.0, 28289.0, 8856.0, 27498.0]","[72390.0, 72391.0, 72393.0, 72394.0]","[0.0, 0.0, 0.0, 0.0]"
"[3.0, -4.0, 0.0, 2.0]","[21061.0, 28294.0, 8860.0, 27495.0]","[72450.0, 72451.0, 72453.0, 72454.0]","[0.0, 0.0, 0.0, 0.0]"
"[0.0, 0.0, -7.0, 1.0]","[21065.0, 28290.0, 8857.0, 27498.0]","[72510.0, 72511.0, 72513.0, 72514.0]","[0.0, 0.0, 0.0, 0.0]"
"[-2.0, -2.0, 0.0, -1.0]","[21066.0, 28290.0, 8856.0, 27499.0]","[72570.0, 72571.0, 72573.0, 72574.0]","[0.0, 0.0, 0.0, 0.0]"
"[0.0, 4.0, -1.0, -4.0]","[21064.0, 28292.0, 8859.0, 27497.0]","[72630.0, 72631.0, 72633.0, 72634.0]","[0.0, 0.0, 0.0, 0.0]"
"[3.0, 3.0, -4.0, -2.0]","[21065.0, 28291.0, 8858.0, 27498.0]","[72690.0, 72691.0, 72693.0, 72694.0]","[0.0, 0.0, 0.0, 0.0]"
"[3.0, 3.0, 1.0, -2.0]","[21066.0, 28291.0, 8857.0, 27499.0]","[72750.0, 72751.0, 72753.0, 72754.0]","[0.0, 0.0, 0.0, 0.0]"
"[-2.0, -1.0, -1.0, -1.0]","[21065.0, 28292.0, 8858.0, 27499.0]","[72810.0, 72811.0, 72813.0, 72814.0]","[0.0, 0.0, 0.0, 0.0]"
"[0.0, 0.0, 1.0, -2.0]","[21066.0, 28290.0, 8857.0, 27499.0]","[72870.0, 72871.0, 72873.0, 72874.0]","[0.0, 0.0, 0.0, 0.0]"
"[-4.0, -5.0, -4.0, -4.0]","[21066.0, 28290.0, 8857.0, 27500.0]","[72930.0, 72931.0, 72933.0, 72934.0]","[0.0, 0.0, 0.0, 0.0]"
"[-1.0, -1.0, 1.0, -1.0]","[21066.0, 28291.0, 8857.0, 27500.0]","[72990.0, 72991.0, 72993.0, 72994.0]","[0.0, 0.0, 0.0, 0.0]"
"[3.0, 0.0, -5.0, 4.0]","[21067.0, 28290.0, 8857.0, 27500.0]","[73050.0, 73051.0, 73053.0, 73054.0]","[0.0, 0.0, 0.0, 0.0]"
"[0.0, 1.0, 1.0, 0.0]","[21066.0, 28290.0, 8857.0, 27500.0]","[73170.0, 73171.0, 73173.0, 73174.0]","[0.0, 0.0, 0.0, 0.0]"
"[-1.0, -1.0, 2.0, -5.0]","[21067.0, 28290.0, 8857.0, 27501.0]","[73230.0, 73231.0, 73233.0, 73234.0]","[0.0, 0.0, 0.0, 0.0]"
"[-4.0, -2.0, 16.0, -2.0]","[21066.0, 28291.0, 8858.0, 27500.0]","[73290.0, 73291.0, 73293.0, 73294.0]","[0.0, 0.0, 0.0, 0.0]"
"[-1.0, -1.0, -6.0, -5.0]","[21066.0, 28291.0, 8857.0, 27500.0]","[73350.0, 73351.0, 73353.0, 73354.0]","[0.0, 0.0, 0.0, 0.0]"
"[1.0, 1.0, -1.0, -1.0]","[21066.0, 28291.0, 8857.0, 27501.0]","[73410.0, 73411.0, 73413.0, 73414.0]","[0.0, 0.0, 0.0, 0.0]"
"[-5.0, 4.0, -2.0, -4.0]","[21066.0, 28291.0, 8857.0, 27500.0]","[73470.0, 73471.0, 73473.0, 73474.0]","[0.0, 0.0, 0.0, 0.0]"
"[0.0, 0.0, -2.0, 3.0]","[21066.0, 28291.0, 8857.0, 27500.0]","[73530.0, 73531.0, 73533.0, 73534.0]","[0.0, 0.0, 0.0, 0.0]"
"[-3.0, -1.0, 1.0, 1.0]","[21067.0, 28290.0, 8857.0, 27500.0]","[73590.0, 73591.0, 73593.0, 73594.0]","[0.0, 0.0, 0.0, 0.0]"
"[-2.0, 1.0, -6.0, 4.0]","[21067.0, 28291.0, 8858.0, 27500.0]","[73650.0, 73651.0, 73653.0, 73654.0]","[0.0, 0.0, 0.0, 0.0]"
"[0.0, 5.0, 1.0, -3.0]","[21067.0, 28291.0, 8858.0, 27500.0]","[73710.0, 73711.0, 73713.0, 73714.0]","[0.0, 0.0, 0.0, 0.0]"
"[-3.0, 1.0, 1.0, -3.0]","[21067.0, 28291.0, 8858.0, 27501.0]","[73770.0, 73771.0, 73773.0, 73774.0]","[0.0, 0.0, 0.0, 0.0]"
"[-1.0, 4.0, 2.0, -1.0]","[21066.0, 28291.0, 8858.0, 27500.0]","[73830.0, 73831.0, 73833.0, 73834.0]","[0.0, 0.0, 0.0, 0.0]"
"[-4.0, -1.0, -2.0, -1.0]","[21067.0, 28291.0, 8858.0, 27501.0]","[73890.0, 73891.0, 73893.0, 73894.0]","[0.0, 0.0, 0.0, 0.0]"
